Workbook

Sheet RAIZ
A1: FECHA | B1: 46301
A2: Etiquetas de fila | B2: San Cayetano | C2: Suc. Acaponeta | D2: Suc. Allende | E2: Suc. Amado Nervo | F2: Suc. Boulevard | G2: Suc. Compostela | H2: Suc. Dos de Agosto | I2: Suc. La Nueva Canasta | J2: Suc. León | K2: Suc. Mololoa | L2: Suc. Peñita | M2: Suc. Plaza | N2: Suc. Ruiz | O2: Suc. Sanblas | P2: Suc. Santa María del Oro | Q2: Suc. Santiago | R2: Suc. Santiago 2 | S2: Suc. Tecuala | T2: Suc. Tuxpan | U2: Suc. Varas | V2: Suc. Vistas | W2: Suc. Xalisco | X2: Villa Hidalgo | Y2: Total general
A3: DUO DURAZNO GDE DE CORAZON | B3: 0 | C3: 0 | D3: 0 | E3: 0 | F3: 0 | G3: 0 | H3: 0 | K3: 0 | M3: 0 | N3: 0 | O3: 0 | Q3: 0 | S3: 0 | T3: 0 | V3: 0 | W3: 0 | Y3: 0
A4: PETIT | B4: 0 | C4: 0 | D4: 0 | F4: 0 | G4: 0 | H4: 0 | K4: 0 | M4: 0 | N4: 0 | O4: 0 | Q4: 0 | T4: 0 | V4: 0 | W4: 0 | Y4: 0
A5: $15 PAN DULCE 25 PIEZAS | B5: 0 | C5: 0 | D5: 0 | E5: 0 | F5: 0 | G5: 0 | H5: 0 | J5: 0 | K5: 0 | L5: 0 | M5: 0 | N5: 0 | O5: 0 | P5: 0 | Q5: 0 | R5: 0 | S5: 0 | T5: 0 | U5: 0 | V5: 0 | W5: 0 | X5: 0 | Y5: 0
A6: $20 PAN DULCE 25 PIEZAS | B6: 0 | C6: 0 | D6: 0 | E6: 0 | F6: 0 | G6: 0 | H6: 0 | I6: 0 | J6: 0 | K6: 0 | L6: 0 | M6: 0 | N6: 0 | O6: 0 | P6: 0 | Q6: 0 | R6: 0 | S6: 0 | T6: 0 | U6: 0 | V6: 0 | W6: 0 | X6: 0 | Y6: 0
A7: 1 1/2 KG CHOCOLATE | B7: 0 | D7: 0 | E7: 0 | F7: 0 | G7: 0 | H7: 0 | M7: 0 | N7: 0 | O7: 0 | Q7: 0 | T7: 0 | V7: 0 | W7: 0 | Y7: 0
A8: 1 1/2 KG FANTASIA | B8: 0 | D8: 0 | E8: 0 | F8: 0 | G8: 0 | H8: 0 | K8: 0 | M8: 0 | N8: 0 | O8: 0 | Q8: 0 | T8: 0 | V8: 0 | W8: 0 | Y8: 0
A9: 1 1/2 KG PIÑERO | B9: 0 | D9: 0 | E9: 0 | F9: 0 | G9: 0 | H9: 0 | M9: 0 | N9: 0 | O9: 0 | Q9: 0 | T9: 0 | V9: 0 | W9: 0 | Y9: 0
A10: 1 KG CHOCOLATE SUPER FAMILIAR | B10: 0 | C10: 0 | D10: 0 | E10: 0 | F10: 0 | G10: 0 | H10: 0 | J10: 0 | K10: 0 | M10: 0 | N10: 0 | O10: 0 | P10: 0 | Q10: 0 | R10: 0 | T10: 0 | V10: 0 | W10: 0 | Y10: 0
A11: 1 KG DE GALLETA | B11: 0 | D11: 0 | E11: 0 | F11: 0 | G11: 0 | H11: 0 | K11: 0 | M11: 0 | N11: 0 | O11: 0 | Q11: 0 | T11: 0 | V11: 0 | W11: 0 | Y11: 0
A12: 1 KG PIÑERO SUPER FAMILIAR | B12: 0 | C12: 0 | D12: 0 | E12: 0 | F12: 0 | G12: 0 | H12: 0 | I12: 0 | J12: 0 | K12: 0 | M12: 0 | N12: 0 | O12: 0 | P12: 0 | Q12: 0 | R12: 0 | T12: 0 | U12: 0 | V12: 0 | W12: 0 | Y12: 0
A13: 1 KG VAINILLA SUPER FAMILIAR | B13: 0 | C13: 0 | D13: 0 | E13: 0 | F13: 0 | G13: 0 | H13: 0 | I13: 0 | J13: 0 | K13: 0 | M13: 0 | N13: 0 | O13: 0 | P13: 0 | Q13: 0 | R13: 0 | S13: 0 | T13: 0 | V13: 0 | W13: 0 | X13: 0 | Y13: 0
A14: 1/2 KG CHOCOLATE | B14: 0 | C14: 0 | D14: 0 | E14: 0 | F14: 0 | G14: 0 | H14: 0 | K14: 0 | M14: 0 | N14: 0 | O14: 0 | Q14: 0 | T14: 0 | V14: 0 | W14: 0 | Y14: 0
A15: 1/2 KG CHOCOLATE CASERO | B15: 0 | D15: 0 | F15: 0 | H15: 0 | M15: 0 | Q15: 0 | W15: 0 | Y15: 0
A16: 1/2 KG DE GALLETA | B16: 10 | C16: 11 | D16: 0 | E16: 40 | F16: 1 | G16: 5 | H16: 3 | I16: 0 | J16: 50 | K16: 10 | L16: 5 | M16: 10 | N16: 9 | O16: 2 | P16: 10 | Q16: 5 | R16: 3 | S16: 3 | T16: 5 | U16: 5 | V16: 12 | W16: 3 | X16: 6 | Y16: 208
A17: 1/2 KG PIÑERO | B17: 0 | C17: 0 | D17: 0 | E17: 0 | F17: 0 | G17: 0 | H17: 0 | K17: 0 | M17: 0 | N17: 0 | O17: 0 | Q17: 0 | T17: 0 | V17: 0 | W17: 0 | Y17: 0
A18: 1/2 KG VAINILLA | B18: 0 | C18: 0 | D18: 0 | E18: 0 | F18: 0 | G18: 0 | H18: 0 | K18: 0 | M18: 0 | N18: 0 | O18: 0 | Q18: 0 | T18: 0 | V18: 0 | W18: 0 | Y18: 0
A19: 1/2KG 3 LECHES PIÑERO | B19: 0 | D19: 0 | E19: 0 | F19: 0 | H19: 0 | M19: 0 | Q19: 0 | W19: 0 | Y19: 0
A20: 1/2KG CHOCOLATE 3 LECHES | B20: 0 | D20: 0 | F20: 0 | H20: 0 | M20: 0 | Q20: 0 | W20: 0 | Y20: 0
A21: 1/2KG COMBINADO 3 LECHES | B21: 0 | D21: 0 | F21: 0 | H21: 0 | M21: 0 | Q21: 0 | W21: 0 | Y21: 0
A22: 1/2KG VAINILLA CASERO | B22: 0 | D22: 0 | F22: 0 | H22: 0 | M22: 0 | Q22: 0 | W22: 0 | Y22: 0
A23: 1/2KG VAINILLA CON CHOCOLATE CASERO | B23: 0 | D23: 0 | F23: 0 | H23: 0 | M23: 0 | Q23: 0 | W23: 0 | Y23: 0
A24: 1/4 KG DE GALLETA | B24: 10 | C24: 10 | D24: 0 | E24: 40 | F24: 1 | G24: 4 | H24: 5 | I24: 0 | J24: 48 | K24: 10 | L24: 0 | M24: 8 | N24: 10 | O24: 3 | P24: 8 | Q24: 6 | R24: 4 | S24: 3 | T24: 5 | U24: 14 | V24: 10 | W24: 3 | X24: 8 | Y24: 210
A25: 11/2KG 3 LECHES PIÑERO | B25: 0 | D25: 0 | F25: 0 | H25: 0 | M25: 0 | Q25: 0 | W25: 0 | Y25: 0
A26: 11/2KG CHOCOLATE 3 LECHES | B26: 0 | D26: 0 | F26: 0 | H26: 0 | M26: 0 | Q26: 0 | W26: 0 | Y26: 0
A27: 11/2KG CHOCOLATE CASERO | B27: 0 | D27: 0 | F27: 0 | H27: 0 | M27: 0 | Q27: 0 | W27: 0 | Y27: 0
A28: 11/2KG COMBINADO 3 LECHES | B28: 0 | D28: 0 | F28: 0 | H28: 0 | M28: 0 | Q28: 0 | W28: 0 | Y28: 0
A29: 11/2KG COMBINADO CASERO | B29: 0 | D29: 0 | F29: 0 | H29: 0 | M29: 0 | Q29: 0 | W29: 0 | Y29: 0
A30: 11/2KG VAINILLA CASERO | B30: 0 | D30: 0 | F30: 0 | H30: 0 | M30: 0 | Q30: 0 | W30: 0 | Y30: 0
A31: 16 CM MMD CHOC | B31: 0 | D31: 0 | E31: 0 | F31: 0 | G31: 0 | H31: 0 | I31: 0 | K31: 0 | M31: 0 | N31: 0 | O31: 0 | Q31: 0 | T31: 0 | V31: 0 | W31: 0 | Y31: 0
A32: 16 CM MMD PIÑERO | B32: 0 | D32: 0 | E32: 0 | F32: 0 | G32: 0 | H32: 0 | I32: 0 | K32: 0 | M32: 0 | N32: 0 | O32: 0 | Q32: 0 | T32: 0 | V32: 0 | W32: 0 | Y32: 0
A33: 16 CM MMD VAINILLA | B33: 0 | D33: 0 | E33: 0 | F33: 0 | G33: 0 | H33: 0 | J33: 0 | K33: 0 | M33: 0 | N33: 0 | O33: 0 | Q33: 0 | T33: 0 | V33: 0 | W33: 0 | Y33: 0
A34: 1KG 3 LECHES PIÑERO | B34: 0 | D34: 0 | E34: 0 | F34: 0 | H34: 0 | M34: 0 | Q34: 0 | W34: 0 | Y34: 0
A35: 1KG CHOCOLATE 3 LECHES | B35: 0 | D35: 0 | E35: 0 | F35: 0 | H35: 0 | M35: 0 | O35: 0 | Q35: 0 | W35: 0 | Y35: 0
A36: 1KG CHOCOLATE CASERO | B36: 0 | D36: 0 | F36: 0 | H36: 0 | M36: 0 | Q36: 0 | W36: 0 | Y36: 0
A37: 1KG COMBINADO 3 LECHES | B37: 0 | D37: 0 | F37: 0 | H37: 0 | M37: 0 | Q37: 0 | W37: 0 | Y37: 0
A38: 1KG COMBINADO CASERO | B38: 0 | D38: 0 | F38: 0 | H38: 0 | M38: 0 | Q38: 0 | W38: 0 | Y38: 0
A39: 1KG VAINILLA CASERO | B39: 0 | D39: 0 | E39: 0 | F39: 0 | H39: 0 | M39: 0 | O39: 0 | Q39: 0 | W39: 0 | Y39: 0
A40: 2 DE 3/4 CHOCOLATE JUMBO - FAMILIAR | B40: 0 | C40: 0 | D40: 0 | E40: 0 | F40: 0 | G40: 0 | H40: 0 | J40: 0 | K40: 0 | M40: 0 | N40: 0 | O40: 0 | Q40: 0 | R40: 0 | T40: 0 | V40: 0 | W40: 0 | Y40: 0
A41: 2 DE 3/4 PIÑERO JUMBO-FAMILIAR | B41: 0 | C41: 0 | D41: 0 | E41: 0 | F41: 0 | G41: 0 | H41: 0 | J41: 0 | K41: 0 | M41: 0 | N41: 0 | O41: 0 | Q41: 0 | R41: 0 | T41: 0 | V41: 0 | W41: 0 | Y41: 0
A42: 2 DE 3/4 VAINILLA JUMBO-FAMILIAR | B42: 0 | C42: 0 | D42: 0 | E42: 0 | F42: 0 | G42: 0 | H42: 0 | I42: 0 | J42: 0 | K42: 0 | M42: 0 | N42: 0 | O42: 0 | Q42: 0 | T42: 0 | V42: 0 | W42: 0 | Y42: 0
A43: 2 KG CHOCOLATE 3 LECHES | B43: 0 | D43: 0 | F43: 0 | H43: 0 | M43: 0 | Q43: 0 | W43: 0 | Y43: 0
A44: 2 PIEZAS PAN POR $6 | B44: 0 | C44: 0 | D44: 0 | E44: 0 | F44: 0 | G44: 0 | H44: 0 | K44: 0 | M44: 0 | N44: 0 | O44: 0 | Q44: 0 | T44: 0 | V44: 0 | W44: 0 | Y44: 0
A45: 20 CM CHOCOLATE | B45: 0 | C45: 0 | D45: 0 | E45: 0 | F45: 0 | G45: 0 | H45: 0 | I45: 0 | J45: 0 | K45: 0 | M45: 0 | N45: 0 | O45: 0 | Q45: 0 | T45: 0 | V45: 0 | W45: 0 | Y45: 0
A46: 20 CM PIÑERO | B46: 0 | C46: 0 | D46: 1 | E46: 0 | F46: 0 | G46: 0 | H46: 0 | J46: 0 | K46: 0 | M46: 0 | N46: 0 | O46: 0 | Q46: 0 | T46: 0 | V46: 0 | W46: 0 | Y46: 1
A47: 20 CM VAINILLA | B47: 0 | C47: 0 | D47: 0 | E47: 0 | F47: 0 | G47: 0 | H47: 0 | I47: 0 | J47: 0 | K47: 0 | M47: 0 | N47: 0 | O47: 0 | Q47: 0 | T47: 0 | V47: 0 | W47: 0 | Y47: 0
A48: 2KG CHOCOLATE CASERO | B48: 0 | D48: 0 | F48: 0 | H48: 0 | M48: 0 | Q48: 0 | W48: 0 | Y48: 0
A49: 2KG COMBINADO 3 LECHES | B49: 0 | D49: 0 | F49: 0 | H49: 0 | M49: 0 | Q49: 0 | W49: 0 | Y49: 0
A50: 2KG COMBINADO CASERO | B50: 0 | D50: 0 | F50: 0 | H50: 0 | M50: 0 | Q50: 0 | V50: 0 | W50: 0 | Y50: 0
A51: 2KG PIÑERO 3 LECHES | B51: 0 | D51: 0 | F51: 0 | H51: 0 | M51: 0 | Q51: 0 | W51: 0 | Y51: 0
A52: 2KG VAINILLA CASERO | B52: 0 | D52: 0 | E52: 0 | F52: 0 | H52: 0 | M52: 0 | Q52: 0 | W52: 0 | Y52: 0
A53: 3 DE 3/4 KG CHOCOLATE MEGA-FAMILIAR | B53: 0 | C53: 0 | D53: 0 | E53: 0 | F53: 0 | G53: 0 | H53: 0 | K53: 0 | M53: 0 | N53: 0 | O53: 0 | Q53: 0 | T53: 0 | V53: 0 | W53: 0 | Y53: 0
A54: 3 DE 3/4 KG PIÑERO MEGA-FAMILIAR | B54: 0 | C54: 0 | D54: 0 | E54: 0 | F54: 0 | G54: 0 | H54: 0 | J54: 0 | K54: 0 | M54: 0 | N54: 0 | O54: 0 | Q54: 0 | T54: 0 | V54: 0 | W54: 0 | Y54: 0
A55: 3 DE 3/4 KG VAINILLA MEGA-FAMILIAR | B55: 0 | C55: 0 | D55: 0 | E55: 0 | F55: 0 | G55: 0 | H55: 0 | J55: 0 | K55: 0 | M55: 0 | N55: 0 | O55: 0 | Q55: 0 | T55: 0 | V55: 0 | W55: 0 | Y55: 0
A56: 3 LECHES CH | B56: 1 | C56: 3 | D56: 0 | E56: 3 | F56: 0 | G56: 1 | H56: 0 | I56: 0 | J56: 2 | K56: 1 | L56: 1 | M56: 1 | N56: 4 | O56: 1 | P56: 0 | Q56: 4 | R56: 3 | S56: 0 | T56: 0 | U56: 1 | V56: 1 | W56: 2 | X56: 2 | Y56: 31
A57: 3 LECHES GDE | B57: 1 | C57: 4 | D57: 0 | E57: 2 | F57: 1 | G57: 1 | H57: 1 | I57: 0 | J57: 2 | K57: 1 | L57: 0 | M57: 1 | N57: 0 | O57: 1 | P57: 1 | Q57: 3 | R57: 3 | S57: 2 | T57: 0 | U57: 0 | V57: 2 | W57: 2 | X57: 1 | Y57: 29
A58: 3 LECHES QUESO CH | B58: 1 | C58: 2 | D58: 0 | E58: 2 | F58: 2 | G58: 1 | H58: 1 | I58: 0 | J58: 2 | K58: 1 | L58: 0 | M58: 2 | N58: 0 | O58: 1 | P58: 1 | Q58: 1 | R58: 2 | S58: 4 | T58: 0 | U58: 1 | V58: 2 | W58: 0 | X58: 1 | Y58: 27
A59: 3 LECHES QUESO GDE | B59: 1 | C59: 3 | D59: 0 | E59: 2 | F59: 1 | G59: 1 | H59: 1 | I59: 0 | J59: 1 | K59: 1 | L59: 1 | M59: 1 | N59: 0 | O59: 1 | P59: 0 | Q59: 1 | R59: 2 | S59: 1 | T59: 0 | U59: 1 | V59: 2 | W59: 1 | X59: 1 | Y59: 23
A60: 3/4 KG CHOCOLATE FAMILIAR | B60: 0 | C60: 0 | D60: 0 | E60: 0 | F60: 0 | G60: 0 | H60: 0 | J60: 0 | K60: 0 | M60: 0 | N60: 0 | O60: 0 | Q60: 0 | R60: 0 | T60: 0 | V60: 0 | W60: 0 | X60: 0 | Y60: 0
A61: 3/4 KG PIÑERO FAMILIAR | B61: 0 | C61: 0 | D61: 0 | E61: 0 | F61: 1 | G61: 0 | H61: 0 | J61: 1 | K61: 0 | M61: 0 | N61: 0 | O61: 0 | P61: 0 | Q61: 0 | R61: 0 | S61: 0 | T61: 0 | V61: 0 | W61: 0 | X61: 0 | Y61: 2
A62: 3/4 KG VAINILLA FAMILIAR | B62: 0 | C62: 0 | D62: 0 | E62: 0 | F62: 0 | G62: 0 | H62: 0 | I62: 0 | J62: 0 | K62: 0 | M62: 0 | N62: 0 | O62: 0 | P62: 0 | Q62: 0 | R62: 0 | T62: 0 | V62: 0 | W62: 0 | X62: 0 | Y62: 0
A63: 3/4KG 3 LECHES PIÑERO | B63: 0 | D63: 0 | E63: 0 | F63: 0 | H63: 0 | M63: 0 | Q63: 0 | W63: 0 | Y63: 0
A64: 3/4KG CHOCOLATE 3 LECHES | B64: 0 | D64: 0 | E64: 0 | F64: 0 | H64: 0 | M64: 0 | Q64: 0 | W64: 0 | Y64: 0
A65: 3/4KG CHOCOLATE CASERO | B65: 0 | D65: 0 | F65: 0 | H65: 0 | M65: 0 | Q65: 0 | W65: 0 | Y65: 0
A66: 3/4KG COMBINADO 3 LECHES | B66: 0 | D66: 0 | F66: 0 | H66: 0 | M66: 0 | Q66: 0 | W66: 0 | Y66: 0
A67: ACETATO BANDERINES MEXICANOS | B67: 0 | C67: 0 | D67: 0 | E67: 0 | F67: 0 | G67: 0 | H67: 0 | K67: 0 | M67: 0 | N67: 0 | O67: 0 | Q67: 0 | S67: 0 | T67: 0 | V67: 0 | W67: 0 | Y67: 0
A68: ALAS DE ANGEL | B68: 0 | C68: 0 | D68: 0 | E68: 0 | F68: 0 | G68: 0 | H68: 0 | J68: 0 | K68: 0 | M68: 0 | N68: 0 | O68: 0 | P68: 0 | Q68: 0 | S68: 0 | T68: 0 | V68: 0 | W68: 0 | Y68: 0
A69: ALFAJOR INDIVIDUAL JUMBO | B69: 0 | C69: 0 | D69: 0 | E69: 0 | F69: 0 | G69: 0 | H69: 0 | I69: 0 | J69: 0 | K69: 0 | L69: 0 | M69: 0 | N69: 0 | O69: 0 | P69: 0 | Q69: 0 | R69: 0 | S69: 0 | T69: 0 | U69: 0 | V69: 0 | W69: 0 | X69: 0 | Y69: 0
A70: ALGODON DE AZUCAR 3 LECHES CH | B70: 0 | C70: 0 | D70: 0 | E70: 0 | F70: 0 | G70: 0 | H70: 0 | I70: 0 | J70: 0 | K70: 0 | M70: 0 | N70: 0 | O70: 0 | Q70: 0 | S70: 0 | T70: 0 | V70: 0 | W70: 0 | Y70: 0
A71: ALMENDRA TIN MARIN | B71: 0 | C71: 0 | D71: 0 | F71: 0 | G71: 0 | H71: 0 | I71: 0 | J71: 0 | K71: 0 | M71: 0 | N71: 0 | O71: 0 | Q71: 0 | S71: 0 | T71: 0 | V71: 0 | W71: 0 | Y71: 0
A72: AMOR MIO CORAZON CH | B72: 0 | C72: 0 | D72: 0 | E72: 0 | F72: 0 | G72: 0 | H72: 0 | I72: 0 | J72: 0 | K72: 0 | M72: 0 | N72: 0 | O72: 0 | P72: 0 | Q72: 0 | R72: 0 | S72: 0 | T72: 0 | U72: 0 | V72: 0 | W72: 0 | Y72: 0
A73: AMOR MIO GDE | B73: 0 | C73: 0 | D73: 0 | E73: 0 | F73: 0 | G73: 0 | H73: 0 | K73: 0 | M73: 0 | N73: 0 | O73: 0 | Q73: 0 | S73: 0 | T73: 0 | V73: 0 | W73: 0 | Y73: 0
A74: ARREGLO $100 | B74: 0 | C74: 0 | D74: 0 | E74: 0 | F74: 0 | G74: 0 | H74: 0 | J74: 0 | K74: 0 | M74: 0 | N74: 0 | O74: 0 | Q74: 0 | T74: 0 | V74: 0 | W74: 0 | Y74: 0
A75: ARREGLO $120 | B75: 0 | C75: 0 | D75: 0 | E75: 0 | F75: 0 | G75: 0 | H75: 0 | J75: 8 | K75: 0 | M75: 0 | N75: 0 | O75: 0 | Q75: 0 | T75: 0 | V75: 0 | W75: 0 | Y75: 8
A76: ARREGLO $150 | B76: 0 | D76: 0 | E76: 0 | F76: 0 | G76: 0 | H76: 0 | J76: 7 | K76: 0 | M76: 0 | N76: 0 | O76: 0 | Q76: 0 | T76: 0 | V76: 0 | W76: 0 | Y76: 7
A77: ARREGLO $200 | B77: 0 | C77: 0 | D77: 0 | E77: 0 | F77: 0 | G77: 0 | H77: 0 | J77: 1 | K77: 0 | M77: 0 | N77: 0 | O77: 0 | Q77: 0 | T77: 0 | V77: 0 | W77: 0 | Y77: 1
A78: ARREGLO $250 | B78: 0 | C78: 0 | D78: 0 | E78: 0 | F78: 0 | G78: 0 | H78: 0 | I78: 0 | J78: 0 | K78: 0 | M78: 0 | N78: 0 | O78: 0 | Q78: 0 | R78: 0 | S78: 0 | T78: 0 | U78: 0 | V78: 0 | W78: 0 | Y78: 0
A79: ARREGLO $350 | B79: 0 | D79: 0 | E79: 0 | F79: 0 | G79: 0 | H79: 0 | J79: 0 | K79: 0 | M79: 0 | N79: 0 | O79: 0 | Q79: 0 | T79: 0 | V79: 0 | W79: 0 | Y79: 0
A80: ARREGLO $50 | B80: 0 | C80: 0 | D80: 0 | E80: 0 | F80: 0 | G80: 0 | H80: 0 | J80: 0 | K80: 0 | M80: 0 | N80: 0 | O80: 0 | Q80: 0 | R80: 0 | T80: 0 | V80: 0 | W80: 0 | Y80: 0
A81: ARREGLO $80 | B81: 0 | D81: 0 | E81: 0 | F81: 0 | G81: 0 | H81: 0 | J81: 6 | K81: 0 | M81: 0 | N81: 0 | O81: 0 | Q81: 0 | T81: 0 | V81: 0 | W81: 0 | Y81: 6
A82: ARREGLO DE $500 | B82: 0 | D82: 0 | F82: 0 | G82: 0 | H82: 0 | K82: 0 | M82: 0 | N82: 0 | O82: 0 | Q82: 0 | T82: 0 | V82: 0 | W82: 0 | Y82: 0
A83: BARRA DE POSTRES 50 PERSONAS | B83: 0 | D83: 0 | F83: 0 | G83: 0 | H83: 0 | M83: 0 | N83: 0 | O83: 0 | Q83: 0 | T83: 0 | V83: 0 | W83: 0 | Y83: 0
A84: BASE BOLLOS | B84: 0 | D84: 0 | F84: 0 | G84: 0 | H84: 0 | K84: 0 | M84: 0 | N84: 0 | O84: 0 | Q84: 0 | T84: 0 | V84: 0 | W84: 0 | Y84: 0
A85: BDS001 | B85: 0 | C85: 0 | D85: 0 | F85: 0 | G85: 0 | H85: 0 | K85: 0 | M85: 0 | N85: 0 | O85: 0 | Q85: 0 | T85: 0 | V85: 0 | W85: 0 | Y85: 0
A86: BDS002 | B86: 0 | C86: 0 | D86: 0 | F86: 0 | G86: 0 | H86: 0 | K86: 0 | M86: 0 | N86: 0 | O86: 0 | Q86: 0 | T86: 0 | V86: 0 | W86: 0 | Y86: 0
A87: BDS003 | B87: 0 | C87: 0 | D87: 0 | F87: 0 | G87: 0 | H87: 0 | K87: 0 | M87: 0 | N87: 0 | O87: 0 | Q87: 0 | T87: 0 | V87: 0 | W87: 0 | Y87: 0
A88: BDS004 | B88: 0 | C88: 0 | D88: 0 | F88: 0 | G88: 0 | H88: 0 | K88: 0 | M88: 0 | N88: 0 | O88: 0 | Q88: 0 | T88: 0 | V88: 0 | W88: 0 | Y88: 0
A89: BDS006 | B89: 0 | C89: 0 | D89: 0 | F89: 0 | G89: 0 | H89: 0 | K89: 0 | M89: 0 | N89: 0 | O89: 0 | Q89: 0 | T89: 0 | V89: 0 | W89: 0 | Y89: 0
A90: BDS007 | B90: 0 | C90: 0 | D90: 0 | F90: 0 | G90: 0 | H90: 0 | K90: 0 | M90: 0 | N90: 0 | O90: 0 | Q90: 0 | T90: 0 | V90: 0 | W90: 0 | Y90: 0
A91: BDS008 | B91: 0 | C91: 0 | D91: 0 | F91: 0 | G91: 0 | H91: 0 | K91: 0 | M91: 0 | N91: 0 | O91: 0 | Q91: 0 | T91: 0 | V91: 0 | W91: 0 | Y91: 0
A92: BDS009 | B92: 0 | C92: 0 | D92: 0 | F92: 0 | G92: 0 | H92: 0 | K92: 0 | M92: 0 | N92: 0 | O92: 0 | Q92: 0 | T92: 0 | V92: 0 | W92: 0 | Y92: 0
A93: BENGALA CH | B93: 77 | C93: 58 | D93: 12 | E93: 88 | F93: 15 | G93: 81 | H93: 80 | J93: 42 | K93: 61 | L93: 65 | M93: 94 | N93: 41 | O93: 87 | P93: 55 | Q93: 61 | R93: 72 | S93: 48 | T93: 51 | U93: 61 | V93: 45 | W93: 70 | X93: 72 | Y93: 1336
A94: BENGALA GRANDE | B94: 99 | C94: 63 | D94: 55 | E94: 131 | F94: 43 | G94: 54 | H94: 93 | J94: 82 | K94: 100 | L94: 79 | M94: 72 | N94: 52 | O94: 101 | P94: 85 | Q94: 56 | R94: 58 | S94: 107 | T94: 39 | U94: 99 | V94: 71 | W94: 67 | X94: 91 | Y94: 1697
A95: BENGALA MINI | B95: 98 | C95: 26 | D95: 0 | E95: 75 | F95: 0 | G95: 34 | H95: 54 | I95: 4 | J95: 26 | K95: 59 | L95: 33 | M95: 55 | N95: 34 | O95: 68 | P95: 48 | Q95: 43 | R95: 49 | S95: 29 | T95: 29 | U95: 45 | V95: 22 | W95: 69 | X95: 59 | Y95: 959
A96: BESO BROWNIE | B96: 0 | C96: 0 | D96: 0 | E96: 0 | F96: 0 | G96: 0 | H96: 0 | I96: 0 | J96: 0 | K96: 0 | M96: 0 | N96: 0 | O96: 0 | P96: 0 | Q96: 0 | R96: 0 | S96: 0 | T96: 0 | U96: 0 | V96: 0 | W96: 0 | Y96: 0
A97: BESO DE CHOCOLATE | B97: 0 | C97: 0 | D97: 0 | E97: 0 | F97: 0 | G97: 0 | H97: 0 | K97: 0 | M97: 0 | N97: 0 | O97: 0 | Q97: 0 | S97: 0 | T97: 0 | V97: 0 | W97: 0 | Y97: 0
A98: BESO DE CHOCOLATE BLANCO | B98: 0 | C98: 0 | D98: 0 | E98: 0 | F98: 0 | G98: 0 | H98: 0 | K98: 0 | M98: 0 | N98: 0 | O98: 0 | Q98: 0 | S98: 0 | T98: 0 | V98: 0 | W98: 0 | Y98: 0
A99: BISQUET 2 PIEZAS | B99: 0 | C99: 0 | D99: 0 | E99: 0 | F99: 0 | G99: 0 | H99: 0 | K99: 0 | M99: 0 | N99: 0 | O99: 0 | Q99: 0 | S99: 0 | T99: 0 | V99: 0 | W99: 0 | Y99: 0
A100: BISQUET INDIVIDUAL | B100: 0 | C100: 0 | D100: 0 | E100: 0 | F100: 0 | G100: 0 | H100: 0 | K100: 0 | M100: 0 | N100: 0 | O100: 0 | Q100: 0 | S100: 0 | T100: 0 | V100: 0 | W100: 0 | Y100: 0
...

Sheet Suc. Amado Nervo
A1: =RAIZ!B1 -> 46301 | D1: SUCURSAL | F1: Suc. Amado Nervo
A2: PRODUCTO | B2: CODIGO | C2: EXISTENCIA EN SUCURSAL | D2: STOCK DETERMINADO FIN SEMANA | E2: PROMEDIO DE DISTRIBUCIÓN | F2: PRODUCTO A COMPLETAR | G2: A SURTIR TICKET
A3: PIÑA GDE | B3: 02 | C3: =+IFERROR(VLOOKUP($A3,RAIZ!$A$3:$X$1500,MATCH('Suc. Amado Nervo'!$F$1,RAIZ!$A$2:$X$2,0),FALSE),0)-1-1 -> 1 | D3: 3 | E3: Puede variar de 3 a 4 pzas | F3: =IF(D3-C3>=0,D3-C3,0) -> 2 | G3: 2
A4: DURAZNO GDE | B4: 04 | C4: =+IFERROR(VLOOKUP($A4,RAIZ!$A$3:$X$1500,MATCH('Suc. Amado Nervo'!$F$1,RAIZ!$A$2:$X$2,0),FALSE),0) -> 2 | D4: 2 | F4: =IF(D4-C4>=0,D4-C4,0) -> 0
A5: 3 LECHES GDE | B5: 06 | C5: =+IFERROR(VLOOKUP($A5,RAIZ!$A$3:$X$1500,MATCH('Suc. Amado Nervo'!$F$1,RAIZ!$A$2:$X$2,0),FALSE),0) -> 2 | D5: 2 | F5: =IF(D5-C5>=0,D5-C5,0) -> 0
A6: FRUTAS GDE | B6: 03 | C6: =+IFERROR(VLOOKUP($A6,RAIZ!$A$3:$X$1500,MATCH('Suc. Amado Nervo'!$F$1,RAIZ!$A$2:$X$2,0),FALSE),0) -> 3 | D6: 3 | F6: =IF(D6-C6>=0,D6-C6,0) -> 0
A7: DUO DURAZNO GDE | B7: 13 | C7: =+IFERROR(VLOOKUP($A7,RAIZ!$A$3:$X$1500,MATCH('Suc. Amado Nervo'!$F$1,RAIZ!$A$2:$X$2,0),FALSE),0) -> 2 | D7: 2 | F7: =IF(D7-C7>=0,D7-C7,0) -> 0
A8: MOKA GDE | B8: 01 | C8: =+IFERROR(VLOOKUP($A8,RAIZ!$A$3:$X$1500,MATCH('Suc. Amado Nervo'!$F$1,RAIZ!$A$2:$X$2,0),FALSE),0)-1 -> 4 | D8: 5 | F8: =IF(D8-C8>=0,D8-C8,0) -> 1 | G8: 1
A9: NUTELA GDE | B9: 09 | C9: =+IFERROR(VLOOKUP($A9,RAIZ!$A$3:$X$1500,MATCH('Suc. Amado Nervo'!$F$1,RAIZ!$A$2:$X$2,0),FALSE),0) -> 2 | D9: 2 | F9: =IF(D9-C9>=0,D9-C9,0) -> 0
A10: CHOCOLATE GDE | B10: 07 | C10: =+IFERROR(VLOOKUP($A10,RAIZ!$A$3:$X$1500,MATCH('Suc. Amado Nervo'!$F$1,RAIZ!$A$2:$X$2,0),FALSE),0) -> 3 | D10: 3 | F10: =IF(D10-C10>=0,D10-C10,0) -> 0
A11: M & M GDE | B11: 36 | C11: =+IFERROR(VLOOKUP($A11,RAIZ!$A$3:$X$1500,MATCH('Suc. Amado Nervo'!$F$1,RAIZ!$A$2:$X$2,0),FALSE),0) -> 2 | D11: 2 | F11: =IF(D11-C11>=0,D11-C11,0) -> 0
C12: =+IFERROR(VLOOKUP($A12,RAIZ!$A$3:$X$1500,MATCH('Suc. Amado Nervo'!$F$1,RAIZ!$A$2:$X$2,0),FALSE),0) -> 0 | F12: =IF(D12-C12>=0,D12-C12,0) -> 0
C13: =+IFERROR(VLOOKUP($A13,RAIZ!$A$3:$X$1500,MATCH('Suc. Amado Nervo'!$F$1,RAIZ!$A$2:$X$2,0),FALSE),0) -> 0 | F13: =IF(D13-C13>=0,D13-C13,0) -> 0
C14: =+IFERROR(VLOOKUP($A14,RAIZ!$A$3:$X$1500,MATCH('Suc. Amado Nervo'!$F$1,RAIZ!$A$2:$X$2,0),FALSE),0) -> 0 | F14: =IF(D14-C14>=0,D14-C14,0) -> 0
C15: =+IFERROR(VLOOKUP($A15,RAIZ!$A$3:$X$1500,MATCH('Suc. Amado Nervo'!$F$1,RAIZ!$A$2:$X$2,0),FALSE),0) -> 0 | F15: =IF(D15-C15>=0,D15-C15,0) -> 0
C16: =+IFERROR(VLOOKUP($A16,RAIZ!$A$3:$X$1500,MATCH('Suc. Amado Nervo'!$F$1,RAIZ!$A$2:$X$2,0),FALSE),0) -> 0 | F16: =IF(D16-C16>=0,D16-C16,0) -> 0
C17: =+IFERROR(VLOOKUP($A17,RAIZ!$A$3:$X$1500,MATCH('Suc. Amado Nervo'!$F$1,RAIZ!$A$2:$X$2,0),FALSE),0) -> 0 | F17: =IF(D17-C17>=0,D17-C17,0) -> 0
A18: 3 LECHES GRANDES | C18: =SUM(C3:C17) -> 21 | D18: =SUM(D3:D17) -> 24 | E18: =SUM(E3:E17) -> 0 | F18: =SUM(F3:F17) -> 3 | G18: =SUM(G3:G17) -> 3
A19: TRES LECHES MEDIANO | B19: 04M | C19: =+IFERROR(VLOOKUP($A19,RAIZ!$A$3:$X$1500,MATCH('Suc. Amado Nervo'!$F$1,RAIZ!$A$2:$X$2,0),FALSE),0) -> 2 | D19: 2 | F19: =IF(D19-C19>=0,D19-C19,0) -> 0
A20: FRUTAS MED | B20: 23N | C20: =+IFERROR(VLOOKUP($A20,RAIZ!$A$3:$X$1500,MATCH('Suc. Amado Nervo'!$F$1,RAIZ!$A$2:$X$2,0),FALSE),0) -> 2 | D20: 2 | F20: =IF(D20-C20>=0,D20-C20,0) -> 0
A21: DUO DURAZNO MEDIANO | B21: 06M | C21: =+IFERROR(VLOOKUP($A21,RAIZ!$A$3:$X$1500,MATCH('Suc. Amado Nervo'!$F$1,RAIZ!$A$2:$X$2,0),FALSE),0) -> 2 | D21: 2 | F21: =IF(D21-C21>=0,D21-C21,0) -> 0
A22: PIÑA MED | B22: 08M | C22: =+IFERROR(VLOOKUP($A22,RAIZ!$A$3:$X$1500,MATCH('Suc. Amado Nervo'!$F$1,RAIZ!$A$2:$X$2,0),FALSE),0) -> 1 | D22: 2 | F22: =IF(D22-C22>=0,D22-C22,0) -> 1 | G22: 1
A23: CHOCOLATE MED | B23: 24N | C23: =+IFERROR(VLOOKUP($A23,RAIZ!$A$3:$X$1500,MATCH('Suc. Amado Nervo'!$F$1,RAIZ!$A$2:$X$2,0),FALSE),0) -> 0 | D23: 2 | F23: =IF(D23-C23>=0,D23-C23,0) -> 2 | G23: 2
A24: M & M MEDIANO | B24: 07M | C24: =+IFERROR(VLOOKUP($A24,RAIZ!$A$3:$X$1500,MATCH('Suc. Amado Nervo'!$F$1,RAIZ!$A$2:$X$2,0),FALSE),0) -> 1 | D24: 2 | F24: =IF(D24-C24>=0,D24-C24,0) -> 1
A25: MOKA MEDIANO | B25: 01M | C25: =+IFERROR(VLOOKUP($A25,RAIZ!$A$3:$X$1500,MATCH('Suc. Amado Nervo'!$F$1,RAIZ!$A$2:$X$2,0),FALSE),0) -> 4 | D25: 4 | F25: =IF(D25-C25>=0,D25-C25,0) -> 0
C26: =+IFERROR(VLOOKUP($A26,RAIZ!$A$3:$X$1500,MATCH('Suc. Amado Nervo'!$F$1,RAIZ!$A$2:$X$2,0),FALSE),0) -> 0 | F26: =IF(D26-C26>=0,D26-C26,0) -> 0
C27: =+IFERROR(VLOOKUP($A27,RAIZ!$A$3:$X$1500,MATCH('Suc. Amado Nervo'!$F$1,RAIZ!$A$2:$X$2,0),FALSE),0) -> 0 | F27: =IF(D27-C27>=0,D27-C27,0) -> 0
C28: =+IFERROR(VLOOKUP($A28,RAIZ!$A$3:$X$1500,MATCH('Suc. Amado Nervo'!$F$1,RAIZ!$A$2:$X$2,0),FALSE),0) -> 0 | F28: =IF(D28-C28>=0,D28-C28,0) -> 0
C29: =+IFERROR(VLOOKUP($A29,RAIZ!$A$3:$X$1500,MATCH('Suc. Amado Nervo'!$F$1,RAIZ!$A$2:$X$2,0),FALSE),0) -> 0 | F29: =IF(D29-C29>=0,D29-C29,0) -> 0
C30: =+IFERROR(VLOOKUP($A30,RAIZ!$A$3:$X$1500,MATCH('Suc. Amado Nervo'!$F$1,RAIZ!$A$2:$X$2,0),FALSE),0) -> 0 | F30: =IF(D30-C30>=0,D30-C30,0) -> 0
C31: =+IFERROR(VLOOKUP($A31,RAIZ!$A$3:$X$1500,MATCH('Suc. Amado Nervo'!$F$1,RAIZ!$A$2:$X$2,0),FALSE),0) -> 0 | F31: =IF(D31-C31>=0,D31-C31,0) -> 0
A32: 3 LECHES MEDIANOS | C32: =SUM(C19:C31) -> 12 | D32: =SUM(D19:D31) -> 16 | E32: =SUM(E19:E31) -> 0 | F32: =SUM(F19:F31) -> 4 | G32: =SUM(G19:G31) -> 3
A33: PIÑA CH | B33: 16 | C33: =+IFERROR(VLOOKUP($A33,RAIZ!$A$3:$X$1500,MATCH('Suc. Amado Nervo'!$F$1,RAIZ!$A$2:$X$2,0),FALSE),0)-1 -> 2 | D33: 3 | F33: =IF(D33-C33>=0,D33-C33,0) -> 1 | G33: 1
A34: DURAZNO CH | B34: 17 | C34: =+IFERROR(VLOOKUP($A34,RAIZ!$A$3:$X$1500,MATCH('Suc. Amado Nervo'!$F$1,RAIZ!$A$2:$X$2,0),FALSE),0) -> 3 | D34: 2 | F34: =IF(D34-C34>=0,D34-C34,0) -> 0
A35: FRESA CH | B35: 18 | C35: =+IFERROR(VLOOKUP($A35,RAIZ!$A$3:$X$1500,MATCH('Suc. Amado Nervo'!$F$1,RAIZ!$A$2:$X$2,0),FALSE),0) -> 2 | D35: 2 | F35: =IF(D35-C35>=0,D35-C35,0) -> 0
A36: 3 LECHES CH | B36: 19 | C36: =+IFERROR(VLOOKUP($A36,RAIZ!$A$3:$X$1500,MATCH('Suc. Amado Nervo'!$F$1,RAIZ!$A$2:$X$2,0),FALSE),0) -> 3 | D36: 2 | F36: =IF(D36-C36>=0,D36-C36,0) -> 0
A37: FRUTAS CH | B37: 20 | C37: =+IFERROR(VLOOKUP($A37,RAIZ!$A$3:$X$1500,MATCH('Suc. Amado Nervo'!$F$1,RAIZ!$A$2:$X$2,0),FALSE),0) -> 3 | D37: 3 | F37: =IF(D37-C37>=0,D37-C37,0) -> 0
A38: MOKA CH | B38: 23 | C38: =+IFERROR(VLOOKUP($A38,RAIZ!$A$3:$X$1500,MATCH('Suc. Amado Nervo'!$F$1,RAIZ!$A$2:$X$2,0),FALSE),0)-1 -> 2 | D38: 3 | F38: =IF(D38-C38>=0,D38-C38,0) -> 1 | G38: 1
A39: NUTELA CH | B39: 28 | C39: =+IFERROR(VLOOKUP($A39,RAIZ!$A$3:$X$1500,MATCH('Suc. Amado Nervo'!$F$1,RAIZ!$A$2:$X$2,0),FALSE),0) -> 1 | D39: 2 | F39: =IF(D39-C39>=0,D39-C39,0) -> 1 | G39: 1
A40: CHOCOLATE CH | B40: 25 | C40: =+IFERROR(VLOOKUP($A40,RAIZ!$A$3:$X$1500,MATCH('Suc. Amado Nervo'!$F$1,RAIZ!$A$2:$X$2,0),FALSE),0) -> 2 | D40: 2 | F40: =IF(D40-C40>=0,D40-C40,0) -> 0
A41: M & M CH | B41: 87 | C41: =+IFERROR(VLOOKUP($A41,RAIZ!$A$3:$X$1500,MATCH('Suc. Amado Nervo'!$F$1,RAIZ!$A$2:$X$2,0),FALSE),0) -> 2 | D41: 2 | F41: =IF(D41-C41>=0,D41-C41,0) -> 0
C42: =+IFERROR(VLOOKUP($A42,RAIZ!$A$3:$X$1500,MATCH('Suc. Amado Nervo'!$F$1,RAIZ!$A$2:$X$2,0),FALSE),0) -> 0 | F42: =IF(D42-C42>=0,D42-C42,0) -> 0
C43: =+IFERROR(VLOOKUP($A43,RAIZ!$A$3:$X$1500,MATCH('Suc. Amado Nervo'!$F$1,RAIZ!$A$2:$X$2,0),FALSE),0) -> 0 | F43: =IF(D43-C43>=0,D43-C43,0) -> 0
C44: =+IFERROR(VLOOKUP($A44,RAIZ!$A$3:$X$1500,MATCH('Suc. Amado Nervo'!$F$1,RAIZ!$A$2:$X$2,0),FALSE),0) -> 0 | F44: =IF(D44-C44>=0,D44-C44,0) -> 0
C45: =+IFERROR(VLOOKUP($A45,RAIZ!$A$3:$X$1500,MATCH('Suc. Amado Nervo'!$F$1,RAIZ!$A$2:$X$2,0),FALSE),0) -> 0 | F45: =IF(D45-C45>=0,D45-C45,0) -> 0
C46: =+IFERROR(VLOOKUP($A46,RAIZ!$A$3:$X$1500,MATCH('Suc. Amado Nervo'!$F$1,RAIZ!$A$2:$X$2,0),FALSE),0) -> 0 | F46: =IF(D46-C46>=0,D46-C46,0) -> 0
C47: =+IFERROR(VLOOKUP($A47,RAIZ!$A$3:$X$1500,MATCH('Suc. Amado Nervo'!$F$1,RAIZ!$A$2:$X$2,0),FALSE),0) -> 0 | F47: =IF(D47-C47>=0,D47-C47,0) -> 0
C48: =+IFERROR(VLOOKUP($A48,RAIZ!$A$3:$X$1500,MATCH('Suc. Amado Nervo'!$F$1,RAIZ!$A$2:$X$2,0),FALSE),0) -> 0 | F48: =IF(D48-C48>=0,D48-C48,0) -> 0
A49: 3 LECHES CHICOS | C49: =SUM(C33:C48) -> 20 | D49: =SUM(D33:D48) -> 21 | E49: =SUM(E33:E48) -> 0 | F49: =SUM(F33:F48) -> 3 | G49: =SUM(G33:G48) -> 3
A50: MINI MEDIANO PIÑERO | B50: 58 | C50: =+IFERROR(VLOOKUP($A50,RAIZ!$A$3:$X$1500,MATCH('Suc. Amado Nervo'!$F$1,RAIZ!$A$2:$X$2,0),FALSE),0)-1 -> 5 | D50: 6 | F50: =IF(D50-C50>=0,D50-C50,0) -> 1 | G50: 1
A51: MINI MEDIANO CHOCOLATE | B51: 60 | C51: =+IFERROR(VLOOKUP($A51,RAIZ!$A$3:$X$1500,MATCH('Suc. Amado Nervo'!$F$1,RAIZ!$A$2:$X$2,0),FALSE),0)-1-1 -> 3 | D51: 6 | F51: =IF(D51-C51>=0,D51-C51,0) -> 3 | G51: 3
A52: MINI MEDIANOS 3 LECHES | C52: =SUM(C50:C51) -> 8 | D52: =SUM(D50:D51) -> 12 | E52: =SUM(E50:E51) -> 0 | F52: =SUM(F50:F51) -> 4 | G52: =SUM(G50:G51) -> 4
A53: MINI PASTELITO PIÑERO | B53: 59 | C53: =+IFERROR(VLOOKUP($A53,RAIZ!$A$3:$X$1500,MATCH('Suc. Amado Nervo'!$F$1,RAIZ!$A$2:$X$2,0),FALSE),0) -> 6 | D53: 6 | F53: =IF(D53-C53>=0,D53-C53,0) -> 0
A54: MINI PASTELITO CHOCOLATE | B54: 61 | C54: =+IFERROR(VLOOKUP($A54,RAIZ!$A$3:$X$1500,MATCH('Suc. Amado Nervo'!$F$1,RAIZ!$A$2:$X$2,0),FALSE),0) -> 6 | D54: 6 | F54: =IF(D54-C54>=0,D54-C54,0) -> 0
A55: MINI MINI 3 LECHES | C55: =SUM(C53:C54) -> 12 | D55: =SUM(D53:D54) -> 12 | E55: =SUM(E53:E54) -> 0 | F55: =SUM(F53:F54) -> 0 | G55: =SUM(G53:G54) -> 0
A56: 3 LECHES QUESO GDE | B56: 30 | C56: =+IFERROR(VLOOKUP($A56,RAIZ!$A$3:$X$1500,MATCH('Suc. Amado Nervo'!$F$1,RAIZ!$A$2:$X$2,0),FALSE),0) -> 2 | D56: 2 | F56: =IF(D56-C56>=0,D56-C56,0) -> 0
A57: 3 LECHES QUESO CH | B57: 30CH | C57: =+IFERROR(VLOOKUP($A57,RAIZ!$A$3:$X$1500,MATCH('Suc. Amado Nervo'!$F$1,RAIZ!$A$2:$X$2,0),FALSE),0) -> 2 | D57: 2 | F57: =IF(D57-C57>=0,D57-C57,0) -> 0
A58: SELVA NEGRA CH | B58: 31CH | C58: =+IFERROR(VLOOKUP($A58,RAIZ!$A$3:$X$1500,MATCH('Suc. Amado Nervo'!$F$1,RAIZ!$A$2:$X$2,0),FALSE),0) -> 2 | D58: 2 | F58: =IF(D58-C58>=0,D58-C58,0) -> 0
A59: CHOCOQUESO | B59: 32 | C59: =+IFERROR(VLOOKUP($A59,RAIZ!$A$3:$X$1500,MATCH('Suc. Amado Nervo'!$F$1,RAIZ!$A$2:$X$2,0),FALSE),0) -> 2 | D59: 2 | F59: =IF(D59-C59>=0,D59-C59,0) -> 0
A60: CHOCOQUESO CH | B60: 32CH | C60: =+IFERROR(VLOOKUP($A60,RAIZ!$A$3:$X$1500,MATCH('Suc. Amado Nervo'!$F$1,RAIZ!$A$2:$X$2,0),FALSE),0) -> 2 | D60: 2 | F60: =IF(D60-C60>=0,D60-C60,0) -> 0
A61: RED VELVET CHEESE CAKE GDE | B61: N01 | C61: =+IFERROR(VLOOKUP($A61,RAIZ!$A$3:$X$1500,MATCH('Suc. Amado Nervo'!$F$1,RAIZ!$A$2:$X$2,0),FALSE),0) -> 2 | D61: 2 | F61: =IF(D61-C61>=0,D61-C61,0) -> 0
A62: RED VELVET CHEESE CAKE MINI MEDIANO | B62: N02 | C62: =+IFERROR(VLOOKUP($A62,RAIZ!$A$3:$X$1500,MATCH('Suc. Amado Nervo'!$F$1,RAIZ!$A$2:$X$2,0),FALSE),0) -> 2 | D62: 2 | F62: =IF(D62-C62>=0,D62-C62,0) -> 0
A63: CHESSECAKE GDE | B63: 37 | C63: =+IFERROR(VLOOKUP($A63,RAIZ!$A$3:$X$1500,MATCH('Suc. Amado Nervo'!$F$1,RAIZ!$A$2:$X$2,0),FALSE),0) -> 2 | D63: 2 | F63: =IF(D63-C63>=0,D63-C63,0) -> 0
A64: CHESSECAKE MINIMED | B64: 62 | C64: =+IFERROR(VLOOKUP($A64,RAIZ!$A$3:$X$1500,MATCH('Suc. Amado Nervo'!$F$1,RAIZ!$A$2:$X$2,0),FALSE),0) -> 1 | D64: 2 | F64: =IF(D64-C64>=0,D64-C64,0) -> 1
A65: CHESSECAKE PETIT | B65: 63 | C65: =+IFERROR(VLOOKUP($A65,RAIZ!$A$3:$X$1500,MATCH('Suc. Amado Nervo'!$F$1,RAIZ!$A$2:$X$2,0),FALSE),0) -> 3 | D65: 3 | F65: =IF(D65-C65>=0,D65-C65,0) -> 0
A66: ZANAHORIA GDE | B66: 15 | C66: =+IFERROR(VLOOKUP($A66,RAIZ!$A$3:$X$1500,MATCH('Suc. Amado Nervo'!$F$1,RAIZ!$A$2:$X$2,0),FALSE),0) -> 2 | D66: 2 | F66: =IF(D66-C66>=0,D66-C66,0) -> 0
A67: ZANAHORIA CH | B67: 29 | C67: =+IFERROR(VLOOKUP($A67,RAIZ!$A$3:$X$1500,MATCH('Suc. Amado Nervo'!$F$1,RAIZ!$A$2:$X$2,0),FALSE),0) -> 2 | D67: 2 | F67: =IF(D67-C67>=0,D67-C67,0) -> 0
... A72: MINI DELICIA KINDER | B72: 02MD | C72: =+IFERROR(VLOOKUP($A72,RAIZ!$A$3:$X$1500,MATCH('Suc. Amado Nervo'!$F$1,RAIZ!$A$2:$X$2,0),FALSE),0) -> 0 | D72: 0 | F72: =IF(D72-C72>=0,D72-C72,0) -> 0
C73: =+IFERROR(VLOOKUP($A73,RAIZ!$A$3:$X$1500,MATCH('Suc. Amado Nervo'!$F$1,RAIZ!$A$2:$X$2,0),FALSE),0) -> 0 | F73: =IF(D73-C73>=0,D73-C73,0) -> 0
C74: =+IFERROR(VLOOKUP($A74,RAIZ!$A$3:$X$1500,MATCH('Suc. Amado Nervo'!$F$1,RAIZ!$A$2:$X$2,0),FALSE),0) -> 0 | F74: =IF(D74-C74>=0,D74-C74,0) -> 0
C75: =+IFERROR(VLOOKUP($A75,RAIZ!$A$3:$X$1500,MATCH('Suc. Amado Nervo'!$F$1,RAIZ!$A$2:$X$2,0),FALSE),0) -> 0 | F75: =IF(D75-C75>=0,D75-C75,0) -> 0
C76: =+IFERROR(VLOOKUP($A76,RAIZ!$A$3:$X$1500,MATCH('Suc. Amado Nervo'!$F$1,RAIZ!$A$2:$X$2,0),FALSE),0) -> 0 | F76: =IF(D76-C76>=0,D76-C76,0) -> 0
C77: =+IFERROR(VLOOKUP($A77,RAIZ!$A$3:$X$1500,MATCH('Suc. Amado Nervo'!$F$1,RAIZ!$A$2:$X$2,0),FALSE),0) -> 0 | F77: =IF(D77-C77>=0,D77-C77,0) -> 0
A78: ESPECIALIDAD | C78: =SUM(C56:C77) -> 34 | D78: =SUM(D56:D77) -> 34 | E78: =SUM(E56:E77) -> 0 | F78: =SUM(F56:F77) -> 1 | G78: =SUM(G56:G77) -> 0
A79: Total Area | C79: =C18+C32+C49+C52+C55+C78 -> 107 | D79: =D18+D32+D49+D52+D55+D78 -> 119 | E79: =E18+E32+E49+E52+E55+E78 -> 0 | F79: =F18+F32+F49+F52+F55+F78 -> 15 | G79: =G18+G32+G49+G52+G55+G78 -> 13
A80: VAINILLAS
A81: VAINILLA MARMOLEADO | B81: 91 | C81: =+IFERROR(VLOOKUP($A81,RAIZ!$A$3:$X$1500,MATCH('Suc. Amado Nervo'!$F$1,RAIZ!$A$2:$X$2,0),FALSE),0) -> 3 | D81: 3 | F81: =IF(D81-C81>=0,D81-C81,0) -> 0
A82: VAINILLA NARANJA | B82: 92 | C82: =+IFERROR(VLOOKUP($A82,RAIZ!$A$3:$X$1500,MATCH('Suc. Amado Nervo'!$F$1,RAIZ!$A$2:$X$2,0),FALSE),0) -> 0 | D82: 2 | F82: =IF(D82-C82>=0,D82-C82,0) -> 2 | G82: 1
A83: PLANCHA 1/4 | B83: 21N | C83: =+IFERROR(VLOOKUP($A83,RAIZ!$A$3:$X$1500,MATCH('Suc. Amado Nervo'!$F$1,RAIZ!$A$2:$X$2,0),FALSE),0) -> 2 | D83: 2 | F83: =IF(D83-C83>=0,D83-C83,0) -> 0
A84: PLANCHA DE VAINILLA | B84: 70 | C84: =+IFERROR(VLOOKUP($A84,RAIZ!$A$3:$X$1500,MATCH('Suc. Amado Nervo'!$F$1,RAIZ!$A$2:$X$2,0),FALSE),0) -> 2 | D84: 3 | F84: =IF(D84-C84>=0,D84-C84,0) -> 1 | G84: 1
A85: VAINILLA NATURAL | B85: 74 | C85: =+IFERROR(VLOOKUP($A85,RAIZ!$A$3:$X$1500,MATCH('Suc. Amado Nervo'!$F$1,RAIZ!$A$2:$X$2,0),FALSE),0) -> 3 | D85: 3 | F85: =IF(D85-C85>=0,D85-C85,0) -> 0
A86: PETIT DECORADO | B86: 69 | C86: =+IFERROR(VLOOKUP($A86,RAIZ!$A$3:$X$1500,MATCH('Suc. Amado Nervo'!$F$1,RAIZ!$A$2:$X$2,0),FALSE),0) -> 2 | D86: 3 | F86: =IF(D86-C86>=0,D86-C86,0) -> 1 | G86: 1
B87: 323 | C87: =+IFERROR(VLOOKUP($A87,RAIZ!$A$3:$X$1500,MATCH('Suc. Amado Nervo'!$F$1,RAIZ!$A$2:$X$2,0),FALSE),0) -> 0 | F87: =IF(D87-C87>=0,D87-C87,0) -> 0
B88: 216 | C88: =+IFERROR(VLOOKUP($A88,RAIZ!$A$3:$X$1500,MATCH('Suc. Amado Nervo'!$F$1,RAIZ!$A$2:$X$2,0),FALSE),0) -> 0 | F88: =IF(D88-C88>=0,D88-C88,0) -> 0
B89: 215 | C89: =+IFERROR(VLOOKUP($A89,RAIZ!$A$3:$X$1500,MATCH('Suc. Amado Nervo'!$F$1,RAIZ!$A$2:$X$2,0),FALSE),0) -> 0 | F89: =IF(D89-C89>=0,D89-C89,0) -> 0
B90: 321 | C90: =+IFERROR(VLOOKUP($A90,RAIZ!$A$3:$X$1500,MATCH('Suc. Amado Nervo'!$F$1,RAIZ!$A$2:$X$2,0),FALSE),0) -> 0 | F90: =IF(D90-C90>=0,D90-C90,0) -> 0
A91: Total Area | C91: =SUM(C81:C90) -> 12 | D91: =SUM(D81:D90) -> 16 | E91: =SUM(E81:E90) -> 0 | F91: =SUM(F81:F90) -> 4 | G91: =SUM(G81:G90) -> 3
A92: GELATINAS
A93: GELATINA FRESA GDE | B93: 40 | C93: =+IFERROR(VLOOKUP($A93,RAIZ!$A$3:$X$1500,MATCH('Suc. Amado Nervo'!$F$1,RAIZ!$A$2:$X$2,0),FALSE),0) -> 3 | D93: 3 | F93: =IF(D93-C93>=0,D93-C93,0) -> 0
A94: GELATINA MOSAICO GDE | B94: 44 | C94: =+IFERROR(VLOOKUP($A94,RAIZ!$A$3:$X$1500,MATCH('Suc. Amado Nervo'!$F$1,RAIZ!$A$2:$X$2,0),FALSE),0) -> 2 | D94: 2 | F94: =IF(D94-C94>=0,D94-C94,0) -> 0
A95: GELATINA MOSAICO CH | B95: 45 | C95: =+IFERROR(VLOOKUP($A95,RAIZ!$A$3:$X$1500,MATCH('Suc. Amado Nervo'!$F$1,RAIZ!$A$2:$X$2,0),FALSE),0) -> 2 | D95: 3 | F95: =IF(D95-C95>=0,D95-C95,0) -> 1 | G95: 1
A96: GELATINA IND FRESA | B96: 48 | C96: =+IFERROR(VLOOKUP($A96,RAIZ!$A$3:$X$1500,MATCH('Suc. Amado Nervo'!$F$1,RAIZ!$A$2:$X$2,0),FALSE),0) -> 8 | D96: 8 | F96: =IF(D96-C96>=0,D96-C96,0) -> 0
A97: GELATINA IND MOSAICO | B97: 49 | C97: =+IFERROR(VLOOKUP($A97,RAIZ!$A$3:$X$1500,MATCH('Suc. Amado Nervo'!$F$1,RAIZ!$A$2:$X$2,0),FALSE),0) -> 6 | D97: 6 | F97: =IF(D97-C97>=0,D97-C97,0) -> 0
A98: GELATINA PROMO $90 | B98: 10B | C98: =+IFERROR(VLOOKUP($A98,RAIZ!$A$3:$X$1500,MATCH('Suc. Amado Nervo'!$F$1,RAIZ!$A$2:$X$2,0),FALSE),0) -> 7 | D98: 4 | E98: 15 | F98: =IF(D98-C98>=0,D98-C98,0) -> 0
A99: GELATINA FRESA $150 | B99: 01GE | C99: =+IFERROR(VLOOKUP($A99,RAIZ!$A$3:$X$1500,MATCH('Suc. Amado Nervo'!$F$1,RAIZ!$A$2:$X$2,0),FALSE),0) -> 3 | D99: 3 | F99: =IF(D99-C99>=0,D99-C99,0) -> 0
A100: Gelatina de promocion semana santa | B100: 211 | C100: =+IFERROR(VLOOKUP($A100,RAIZ!$A$3:$X$1500,MATCH('Suc. Amado Nervo'!$F$1,RAIZ!$A$2:$X$2,0),FALSE),0) -> 32 | D100: 30 | E100: 30 | F100: =IF(D100-C100>=0,D100-C100,0) -> 0
A101: PAY DE FRESA GDE | B101: 54 | C101: =+IFERROR(VLOOKUP($A101,RAIZ!$A$3:$X$1500,MATCH('Suc. Amado Nervo'!$F$1,RAIZ!$A$2:$X$2,0),FALSE),0) -> 3 | D101: 3 | F101: =IF(D101-C101>=0,D101-C101,0) -> 0
A102: PAY DE GUAYABA GDE | B102: 55 | C102: =+IFERROR(VLOOKUP($A102,RAIZ!$A$3:$X$1500,MATCH('Suc. Amado Nervo'!$F$1,RAIZ!$A$2:$X$2,0),FALSE),0) -> 2 | D102: 3 | F102: =IF(D102-C102>=0,D102-C102,0) -> 1 | G102: 1
A103: tartaleta | B103: 001T | C103: =+IFERROR(VLOOKUP($A103,RAIZ!$A$3:$X$1500,MATCH('Suc. Amado Nervo'!$F$1,RAIZ!$A$2:$X$2,0),FALSE),0) -> 3 | D103: 3 | F103: =IF(D103-C103>=0,D103-C103,0) -> 0
B104: 01ga | C104: =+IFERROR(VLOOKUP($A104,RAIZ!$A$3:$X$1500,MATCH('Suc. Amado Nervo'!$F$1,RAIZ!$A$2:$X$2,0),FALSE),0) -> 0 | F104: =IF(D104-C104>=0,D104-C104,0) -> 0
...

Sheet Suc. León
A1: =RAIZ!B1 -> 46301 | D1: SUCURSAL | F1: Suc. León | H1: [ PLANTA León - Cantidad ]
A2: PRODUCTO | B2: CODIGO | C2: EXISTENCIA EN SUCURSAL | D2: STOCK DETERMINADO | E2: PROMEDIO DE DISTRIBUCIÓN | F2: PRODUCTO A COMPLETAR | G2: A SURTIR TICKET
A3: PIÑA GDE | B3: 02 | C3: =+IFERROR(VLOOKUP($A3,RAIZ!$A$3:$X$1500,MATCH('Suc. León'!$F$1,RAIZ!$A$2:$X$2,0),FALSE),0) -> 2 | D3: 3 | F3: =IF(D3-C3>=0,D3-C3,0) -> 1 | G3: 1
A4: DURAZNO GDE | B4: 04 | C4: =+IFERROR(VLOOKUP($A4,RAIZ!$A$3:$X$1500,MATCH('Suc. León'!$F$1,RAIZ!$A$2:$X$2,0),FALSE),0) -> 2 | D4: 2 | F4: =IF(D4-C4>=0,D4-C4,0) -> 0
A5: 3 LECHES GDE | B5: 06 | C5: =+IFERROR(VLOOKUP($A5,RAIZ!$A$3:$X$1500,MATCH('Suc. León'!$F$1,RAIZ!$A$2:$X$2,0),FALSE),0) -> 2 | D5: 2 | F5: =IF(D5-C5>=0,D5-C5,0) -> 0
A6: FRUTAS GDE | B6: 03 | C6: =+IFERROR(VLOOKUP($A6,RAIZ!$A$3:$X$1500,MATCH('Suc. León'!$F$1,RAIZ!$A$2:$X$2,0),FALSE),0) -> 3 | D6: 3 | F6: =IF(D6-C6>=0,D6-C6,0) -> 0
A7: DUO DURAZNO GDE | B7: 13 | C7: =+IFERROR(VLOOKUP($A7,RAIZ!$A$3:$X$1500,MATCH('Suc. León'!$F$1,RAIZ!$A$2:$X$2,0),FALSE),0) -> 2 | D7: 2 | F7: =IF(D7-C7>=0,D7-C7,0) -> 0
A8: MOKA GDE | B8: 01 | C8: =+IFERROR(VLOOKUP($A8,RAIZ!$A$3:$X$1500,MATCH('Suc. León'!$F$1,RAIZ!$A$2:$X$2,0),FALSE),0) -> 3 | D8: 4 | F8: =IF(D8-C8>=0,D8-C8,0) -> 1 | G8: 1
A9: NUTELA GDE | B9: 09 | C9: =+IFERROR(VLOOKUP($A9,RAIZ!$A$3:$X$1500,MATCH('Suc. León'!$F$1,RAIZ!$A$2:$X$2,0),FALSE),0) -> 2 | D9: 2 | F9: =IF(D9-C9>=0,D9-C9,0) -> 0
A10: CHOCOLATE GDE | B10: 07 | C10: =+IFERROR(VLOOKUP($A10,RAIZ!$A$3:$X$1500,MATCH('Suc. León'!$F$1,RAIZ!$A$2:$X$2,0),FALSE),0) -> 3 | D10: 3 | F10: =IF(D10-C10>=0,D10-C10,0) -> 0
A11: M & M GDE | B11: 36 | C11: =+IFERROR(VLOOKUP($A11,RAIZ!$A$3:$X$1500,MATCH('Suc. León'!$F$1,RAIZ!$A$2:$X$2,0),FALSE),0) -> 2 | D11: 2 | F11: =IF(D11-C11>=0,D11-C11,0) -> 0
C12: =+IFERROR(VLOOKUP($A12,RAIZ!$A$3:$X$1500,MATCH('Suc. León'!$F$1,RAIZ!$A$2:$X$2,0),FALSE),0) -> 0 | F12: =IF(D12-C12>=0,D12-C12,0) -> 0
C13: =+IFERROR(VLOOKUP($A13,RAIZ!$A$3:$X$1500,MATCH('Suc. León'!$F$1,RAIZ!$A$2:$X$2,0),FALSE),0) -> 0 | F13: =IF(D13-C13>=0,D13-C13,0) -> 0
C14: =+IFERROR(VLOOKUP($A14,RAIZ!$A$3:$X$1500,MATCH('Suc. León'!$F$1,RAIZ!$A$2:$X$2,0),FALSE),0) -> 0 | F14: =IF(D14-C14>=0,D14-C14,0) -> 0
C15: =+IFERROR(VLOOKUP($A15,RAIZ!$A$3:$X$1500,MATCH('Suc. León'!$F$1,RAIZ!$A$2:$X$2,0),FALSE),0) -> 0 | F15: =IF(D15-C15>=0,D15-C15,0) -> 0
C16: =+IFERROR(VLOOKUP($A16,RAIZ!$A$3:$X$1500,MATCH('Suc. León'!$F$1,RAIZ!$A$2:$X$2,0),FALSE),0) -> 0 | F16: =IF(D16-C16>=0,D16-C16,0) -> 0
C17: =+IFERROR(VLOOKUP($A17,RAIZ!$A$3:$X$1500,MATCH('Suc. León'!$F$1,RAIZ!$A$2:$X$2,0),FALSE),0) -> 0 | F17: =IF(D17-C17>=0,D17-C17,0) -> 0
A18: 3 LECHES GRANDES | C18: =SUM(C3:C17) -> 21 | D18: =SUM(D3:D17) -> 23 | E18: 0 | F18: =SUM(F3:F17) -> 2 | G18: =SUM(G3:G17) -> 2
A19: TRES LECHES MEDIANO | B19: 04M | C19: =+IFERROR(VLOOKUP($A19,RAIZ!$A$3:$X$1500,MATCH('Suc. León'!$F$1,RAIZ!$A$2:$X$2,0),FALSE),0) -> 2 | D19: 2 | F19: =IF(D19-C19>=0,D19-C19,0) -> 0
A20: FRUTAS MED | B20: 23N | C20: =+IFERROR(VLOOKUP($A20,RAIZ!$A$3:$X$1500,MATCH('Suc. León'!$F$1,RAIZ!$A$2:$X$2,0),FALSE),0) -> 2 | D20: 3 | F20: =IF(D20-C20>=0,D20-C20,0) -> 1 | G20: 1
A21: DUO DURAZNO MEDIANO | B21: 06M | C21: =+IFERROR(VLOOKUP($A21,RAIZ!$A$3:$X$1500,MATCH('Suc. León'!$F$1,RAIZ!$A$2:$X$2,0),FALSE),0) -> 0 | D21: 2 | F21: =IF(D21-C21>=0,D21-C21,0) -> 2 | G21: 2
A22: PIÑA MED | B22: 08M | C22: =+IFERROR(VLOOKUP($A22,RAIZ!$A$3:$X$1500,MATCH('Suc. León'!$F$1,RAIZ!$A$2:$X$2,0),FALSE),0) -> 2 | D22: 2 | F22: =IF(D22-C22>=0,D22-C22,0) -> 0
A23: CHOCOLATE MED | B23: 24N | C23: =+IFERROR(VLOOKUP($A23,RAIZ!$A$3:$X$1500,MATCH('Suc. León'!$F$1,RAIZ!$A$2:$X$2,0),FALSE),0) -> 0 | D23: 3 | F23: =IF(D23-C23>=0,D23-C23,0) -> 3 | G23: 3
A24: M & M MEDIANO | B24: 07M | C24: =+IFERROR(VLOOKUP($A24,RAIZ!$A$3:$X$1500,MATCH('Suc. León'!$F$1,RAIZ!$A$2:$X$2,0),FALSE),0) -> 0 | D24: 2 | F24: =IF(D24-C24>=0,D24-C24,0) -> 2
A25: MOKA MEDIANO | B25: 01M | C25: =+IFERROR(VLOOKUP($A25,RAIZ!$A$3:$X$1500,MATCH('Suc. León'!$F$1,RAIZ!$A$2:$X$2,0),FALSE),0) -> 4 | D25: 4 | F25: =IF(D25-C25>=0,D25-C25,0) -> 0
C26: =+IFERROR(VLOOKUP($A26,RAIZ!$A$3:$X$1500,MATCH('Suc. León'!$F$1,RAIZ!$A$2:$X$2,0),FALSE),0) -> 0 | F26: =IF(D26-C26>=0,D26-C26,0) -> 0
C27: =+IFERROR(VLOOKUP($A27,RAIZ!$A$3:$X$1500,MATCH('Suc. León'!$F$1,RAIZ!$A$2:$X$2,0),FALSE),0) -> 0 | F27: =IF(D27-C27>=0,D27-C27,0) -> 0
C28: =+IFERROR(VLOOKUP($A28,RAIZ!$A$3:$X$1500,MATCH('Suc. León'!$F$1,RAIZ!$A$2:$X$2,0),FALSE),0) -> 0 | F28: =IF(D28-C28>=0,D28-C28,0) -> 0
C29: =+IFERROR(VLOOKUP($A29,RAIZ!$A$3:$X$1500,MATCH('Suc. León'!$F$1,RAIZ!$A$2:$X$2,0),FALSE),0) -> 0 | F29: =IF(D29-C29>=0,D29-C29,0) -> 0
C30: =+IFERROR(VLOOKUP($A30,RAIZ!$A$3:$X$1500,MATCH('Suc. León'!$F$1,RAIZ!$A$2:$X$2,0),FALSE),0) -> 0 | F30: =IF(D30-C30>=0,D30-C30,0) -> 0
C31: =+IFERROR(VLOOKUP($A31,RAIZ!$A$3:$X$1500,MATCH('Suc. León'!$F$1,RAIZ!$A$2:$X$2,0),FALSE),0) -> 0 | F31: =IF(D31-C31>=0,D31-C31,0) -> 0
A32: 3 LECHES MEDIANOS | C32: =SUM(C19:C31) -> 10 | D32: =SUM(D19:D31) -> 18 | E32: 0 | F32: =SUM(F19:F31) -> 8 | G32: =SUM(G19:G31) -> 6
A33: PIÑA CH | B33: 16 | C33: =+IFERROR(VLOOKUP($A33,RAIZ!$A$3:$X$1500,MATCH('Suc. León'!$F$1,RAIZ!$A$2:$X$2,0),FALSE),0) -> 3 | D33: 3 | F33: =IF(D33-C33>=0,D33-C33,0) -> 0
A34: DURAZNO CH | B34: 17 | C34: =+IFERROR(VLOOKUP($A34,RAIZ!$A$3:$X$1500,MATCH('Suc. León'!$F$1,RAIZ!$A$2:$X$2,0),FALSE),0) -> 2 | D34: 2 | F34: =IF(D34-C34>=0,D34-C34,0) -> 0
A35: FRESA CH | B35: 18 | C35: =+IFERROR(VLOOKUP($A35,RAIZ!$A$3:$X$1500,MATCH('Suc. León'!$F$1,RAIZ!$A$2:$X$2,0),FALSE),0) -> 1 | D35: 2 | F35: =IF(D35-C35>=0,D35-C35,0) -> 1 | G35: 1
A36: 3 LECHES CH | B36: 19 | C36: =+IFERROR(VLOOKUP($A36,RAIZ!$A$3:$X$1500,MATCH('Suc. León'!$F$1,RAIZ!$A$2:$X$2,0),FALSE),0) -> 2 | D36: 2 | F36: =IF(D36-C36>=0,D36-C36,0) -> 0
A37: FRUTAS CH | B37: 20 | C37: =+IFERROR(VLOOKUP($A37,RAIZ!$A$3:$X$1500,MATCH('Suc. León'!$F$1,RAIZ!$A$2:$X$2,0),FALSE),0) -> 3 | D37: 3 | F37: =IF(D37-C37>=0,D37-C37,0) -> 0
A38: MOKA CH | B38: 23 | C38: =+IFERROR(VLOOKUP($A38,RAIZ!$A$3:$X$1500,MATCH('Suc. León'!$F$1,RAIZ!$A$2:$X$2,0),FALSE),0) -> 3 | D38: 3 | F38: =IF(D38-C38>=0,D38-C38,0) -> 0
A39: NUTELA CH | B39: 28 | C39: =+IFERROR(VLOOKUP($A39,RAIZ!$A$3:$X$1500,MATCH('Suc. León'!$F$1,RAIZ!$A$2:$X$2,0),FALSE),0) -> 2 | D39: 2 | F39: =IF(D39-C39>=0,D39-C39,0) -> 0
A40: CHOCOLATE CH | B40: 25 | C40: =+IFERROR(VLOOKUP($A40,RAIZ!$A$3:$X$1500,MATCH('Suc. León'!$F$1,RAIZ!$A$2:$X$2,0),FALSE),0) -> 3 | D40: 3 | F40: =IF(D40-C40>=0,D40-C40,0) -> 0
A41: M & M CH | B41: 87 | C41: =+IFERROR(VLOOKUP($A41,RAIZ!$A$3:$X$1500,MATCH('Suc. León'!$F$1,RAIZ!$A$2:$X$2,0),FALSE),0) -> 1 | D41: 2 | F41: =IF(D41-C41>=0,D41-C41,0) -> 1 | G41: 1
C42: =+IFERROR(VLOOKUP($A42,RAIZ!$A$3:$X$1500,MATCH('Suc. León'!$F$1,RAIZ!$A$2:$X$2,0),FALSE),0) -> 0 | F42: =IF(D42-C42>=0,D42-C42,0) -> 0
C43: =+IFERROR(VLOOKUP($A43,RAIZ!$A$3:$X$1500,MATCH('Suc. León'!$F$1,RAIZ!$A$2:$X$2,0),FALSE),0) -> 0 | F43: =IF(D43-C43>=0,D43-C43,0) -> 0
C44: =+IFERROR(VLOOKUP($A44,RAIZ!$A$3:$X$1500,MATCH('Suc. León'!$F$1,RAIZ!$A$2:$X$2,0),FALSE),0) -> 0 | F44: =IF(D44-C44>=0,D44-C44,0) -> 0
C45: =+IFERROR(VLOOKUP($A45,RAIZ!$A$3:$X$1500,MATCH('Suc. León'!$F$1,RAIZ!$A$2:$X$2,0),FALSE),0) -> 0 | F45: =IF(D45-C45>=0,D45-C45,0) -> 0
C46: =+IFERROR(VLOOKUP($A46,RAIZ!$A$3:$X$1500,MATCH('Suc. León'!$F$1,RAIZ!$A$2:$X$2,0),FALSE),0) -> 0 | F46: =IF(D46-C46>=0,D46-C46,0) -> 0
C47: =+IFERROR(VLOOKUP($A47,RAIZ!$A$3:$X$1500,MATCH('Suc. León'!$F$1,RAIZ!$A$2:$X$2,0),FALSE),0) -> 0 | F47: =IF(D47-C47>=0,D47-C47,0) -> 0
C48: =+IFERROR(VLOOKUP($A48,RAIZ!$A$3:$X$1500,MATCH('Suc. León'!$F$1,RAIZ!$A$2:$X$2,0),FALSE),0) -> 0 | F48: =IF(D48-C48>=0,D48-C48,0) -> 0
A49: 3 LECHES CHICOS | C49: =SUM(C33:C48) -> 20 | D49: =SUM(D33:D48) -> 22 | E49: 0 | F49: =SUM(F33:F48) -> 2 | G49: =SUM(G33:G48) -> 2
A50: MINI MEDIANO PIÑERO | B50: 58 | C50: =+IFERROR(VLOOKUP($A50,RAIZ!$A$3:$X$1500,MATCH('Suc. León'!$F$1,RAIZ!$A$2:$X$2,0),FALSE),0)-1 -> 6 | D50: 7 | F50: =IF(D50-C50>=0,D50-C50,0) -> 1 | G50: 1
A51: MINI MEDIANO CHOCOLATE | B51: 60 | C51: =+IFERROR(VLOOKUP($A51,RAIZ!$A$3:$X$1500,MATCH('Suc. León'!$F$1,RAIZ!$A$2:$X$2,0),FALSE),0) -> 7 | D51: 7 | F51: =IF(D51-C51>=0,D51-C51,0) -> 0
A52: MINI MEDIANOS 3 LECHES | C52: =SUM(C50:C51) -> 13 | D52: =SUM(D50:D51) -> 14 | E52: 0 | F52: =SUM(F50:F51) -> 1 | G52: =SUM(G50:G51) -> 1
A53: MINI PASTELITO PIÑERO | B53: 59 | C53: =+IFERROR(VLOOKUP($A53,RAIZ!$A$3:$X$1500,MATCH('Suc. León'!$F$1,RAIZ!$A$2:$X$2,0),FALSE),0) -> 7 | D53: 7 | F53: =IF(D53-C53>=0,D53-C53,0) -> 0
A54: MINI PASTELITO CHOCOLATE | B54: 61 | C54: =+IFERROR(VLOOKUP($A54,RAIZ!$A$3:$X$1500,MATCH('Suc. León'!$F$1,RAIZ!$A$2:$X$2,0),FALSE),0) -> 7 | D54: 7 | F54: =IF(D54-C54>=0,D54-C54,0) -> 0
A55: MINI MINI 3 LECHES | C55: =SUM(C53:C54) -> 14 | D55: =SUM(D53:D54) -> 14 | E55: 0 | F55: =SUM(F53:F54) -> 0 | G55: =SUM(G53:G54) -> 0
A56: 3 LECHES QUESO GDE | B56: 30 | C56: =+IFERROR(VLOOKUP($A56,RAIZ!$A$3:$X$1500,MATCH('Suc. León'!$F$1,RAIZ!$A$2:$X$2,0),FALSE),0) -> 1 | D56: 2 | E56: Puede variar de 1 a 2 pzas | F56: =IF(D56-C56>=0,D56-C56,0) -> 1 | G56: 1
A57: 3 LECHES QUESO CH | B57: 30CH | C57: =+IFERROR(VLOOKUP($A57,RAIZ!$A$3:$X$1500,MATCH('Suc. León'!$F$1,RAIZ!$A$2:$X$2,0),FALSE),0) -> 2 | D57: 2 | F57: =IF(D57-C57>=0,D57-C57,0) -> 0
A58: SELVA NEGRA CH | B58: 31CH | C58: =+IFERROR(VLOOKUP($A58,RAIZ!$A$3:$X$1500,MATCH('Suc. León'!$F$1,RAIZ!$A$2:$X$2,0),FALSE),0) -> 2 | D58: 2 | E58: Puede variar de 1 a 2 pzas | F58: =IF(D58-C58>=0,D58-C58,0) -> 0
A59: CHOCOQUESO | B59: 32 | C59: =+IFERROR(VLOOKUP($A59,RAIZ!$A$3:$X$1500,MATCH('Suc. León'!$F$1,RAIZ!$A$2:$X$2,0),FALSE),0) -> 2 | D59: 2 | F59: =IF(D59-C59>=0,D59-C59,0) -> 0
A60: CHOCOQUESO CH | B60: 32CH | C60: =+IFERROR(VLOOKUP($A60,RAIZ!$A$3:$X$1500,MATCH('Suc. León'!$F$1,RAIZ!$A$2:$X$2,0),FALSE),0) -> 1 | D60: 2 | F60: =IF(D60-C60>=0,D60-C60,0) -> 1
A61: RED VELVET CHEESE CAKE GDE | B61: N01 | C61: =+IFERROR(VLOOKUP($A61,RAIZ!$A$3:$X$1500,MATCH('Suc. León'!$F$1,RAIZ!$A$2:$X$2,0),FALSE),0) -> 2 | D61: 2 | F61: =IF(D61-C61>=0,D61-C61,0) -> 0
A62: RED VELVET CHEESE CAKE MINI MEDIANO | B62: N02 | C62: =+IFERROR(VLOOKUP($A62,RAIZ!$A$3:$X$1500,MATCH('Suc. León'!$F$1,RAIZ!$A$2:$X$2,0),FALSE),0) -> 2 | D62: 2 | F62: =IF(D62-C62>=0,D62-C62,0) -> 0
A63: CHESSECAKE GDE | B63: 37 | C63: =+IFERROR(VLOOKUP($A63,RAIZ!$A$3:$X$1500,MATCH('Suc. León'!$F$1,RAIZ!$A$2:$X$2,0),FALSE),0)-1 -> 2 | D63: 2 | F63: =IF(D63-C63>=0,D63-C63,0) -> 0
A64: CHESSECAKE MINIMED | B64: 62 | C64: =+IFERROR(VLOOKUP($A64,RAIZ!$A$3:$X$1500,MATCH('Suc. León'!$F$1,RAIZ!$A$2:$X$2,0),FALSE),0) -> 2 | D64: 2 | F64: =IF(D64-C64>=0,D64-C64,0) -> 0
A65: CHESSECAKE PETIT | B65: 63 | C65: =+IFERROR(VLOOKUP($A65,RAIZ!$A$3:$X$1500,MATCH('Suc. León'!$F$1,RAIZ!$A$2:$X$2,0),FALSE),0) -> 3 | D65: 3 | F65: =IF(D65-C65>=0,D65-C65,0) -> 0
A66: ZANAHORIA GDE | B66: 15 | C66: =+IFERROR(VLOOKUP($A66,RAIZ!$A$3:$X$1500,MATCH('Suc. León'!$F$1,RAIZ!$A$2:$X$2,0),FALSE),0) -> 2 | D66: 2 | F66: =IF(D66-C66>=0,D66-C66,0) -> 0
A67: ZANAHORIA CH | B67: 29 | C67: =+IFERROR(VLOOKUP($A67,RAIZ!$A$3:$X$1500,MATCH('Suc. León'!$F$1,RAIZ!$A$2:$X$2,0),FALSE),0) -> 2 | D67: 2 | F67: =IF(D67-C67>=0,D67-C67,0) -> 0
A68: ZANAHORIA PETIT | B68: 67 | C68: =+IFERROR(VLOOKUP($A68,RAIZ!$A$3:$X$1500,MATCH('Suc. León'!$F$1,RAIZ!$A$2:$X$2,0),FALSE),0) -> 4 | D68: 3 | F68: =IF(D68-C68>=0,D68-C68,0) -> 0
A69: ROSCA C/CAJETA | B69: 78 | C69: =+IFERROR(VLOOKUP($A69,RAIZ!$A$3:$X$1500,MATCH('Suc. León'!$F$1,RAIZ!$A$2:$X$2,0),FALSE),0) -> 0 | D69: 3 | F69: =IF(D69-C69>=0,D69-C69,0) -> 3
A70: CAJITA DE TRES LECHES | B70: C3L | C70: =+IFERROR(VLOOKUP($A70,RAIZ!$A$3:$X$1500,MATCH('Suc. León'!$F$1,RAIZ!$A$2:$X$2,0),FALSE),0) -> 3 | D70: 3 | E70: Puede variar de 1 a 2 pzas | F70: =IF(D70-C70>=0,D70-C70,0) -> 0
A71: CHOCOFLAN MINI MEDIANO | B71: 64 | C71: =+IFERROR(VLOOKUP($A71,RAIZ!$A$3:$X$1500,MATCH('Suc. León'!$F$1,RAIZ!$A$2:$X$2,0),FALSE),0) -> 2 | D71: 2 | F71: =IF(D71-C71>=0,D71-C71,0) -> 0
A72: MINI DELICIA KINDER | B72: 02MD | C72: =+IFERROR(VLOOKUP($A72,RAIZ!$A$3:$X$1500,MATCH('Suc. León'!$F$1,RAIZ!$A$2:$X$2,0),FALSE),0) -> 0 | D72: 0 | F72: =IF(D72-C72>=0,D72-C72,0) -> 0
C73: =+IFERROR(VLOOKUP($A73,RAIZ!$A$3:$X$1500,MATCH('Suc. León'!$F$1,RAIZ!$A$2:$X$2,0),FALSE),0) -> 0 | F73: =IF(D73-C73>=0,D73-C73,0) -> 0
C74: =+IFERROR(VLOOKUP($A74,RAIZ!$A$3:$X$1500,MATCH('Suc. León'!$F$1,RAIZ!$A$2:$X$2,0),FALSE),0) -> 0 | F74: =IF(D74-C74>=0,D74-C74,0) -> 0
C75: =+IFERROR(VLOOKUP($A75,RAIZ!$A$3:$X$1500,MATCH('Suc. León'!$F$1,RAIZ!$A$2:$X$2,0),FALSE),0) -> 0 | F75: =IF(D75-C75>=0,D75-C75,0) -> 0
C76: =+IFERROR(VLOOKUP($A76,RAIZ!$A$3:$X$1500,MATCH('Suc. León'!$F$1,RAIZ!$A$2:$X$2,0),FALSE),0) -> 0 | F76: =IF(D76-C76>=0,D76-C76,0) -> 0
C77: =+IFERROR(VLOOKUP($A77,RAIZ!$A$3:$X$1500,MATCH('Suc. León'!$F$1,RAIZ!$A$2:$X$2,0),FALSE),0) -> 0 | F77: =IF(D77-C77>=0,D77-C77,0) -> 0
A78: ESPECIALIDAD | C78: =SUM(C56:C77) -> 32 | D78: =SUM(D56:D77) -> 36 | E78: 0 | F78: =SUM(F56:F77) -> 5 | G78: =SUM(G56:G77) -> 1
A79: Total Area | C79: =C18+C32+C49+C52+C55+C78 -> 110 | D79: =D18+D32+D49+D52+D55+D78 -> 127 | E79: 0 | F79: =F18+F32+F49+F52+F55+F78 -> 18 | G79: =G18+G32+G49+G52+G55+G78 -> 12
A80: VAINILLAS
A81: VAINILLA MARMOLEADO | B81: 91 | C81: =+IFERROR(VLOOKUP($A81,RAIZ!$A$3:$X$1500,MATCH('Suc. León'!$F$1,RAIZ!$A$2:$X$2,0),FALSE),0) -> 3 | D81: 3 | F81: =IF(D81-C81>=0,D81-C81,0) -> 0
A82: VAINILLA NARANJA | B82: 92 | C82: =+IFERROR(VLOOKUP($A82,RAIZ!$A$3:$X$1500,MATCH('Suc. León'!$F$1,RAIZ!$A$2:$X$2,0),FALSE),0) -> 1 | D82: 2 | F82: =IF(D82-C82>=0,D82-C82,0) -> 1 | G82: 1
A83: PLANCHA 1/4 | B83: 21N | C83: =+IFERROR(VLOOKUP($A83,RAIZ!$A$3:$X$1500,MATCH('Suc. León'!$F$1,RAIZ!$A$2:$X$2,0),FALSE),0) -> 2 | D83: 2 | F83: =IF(D83-C83>=0,D83-C83,0) -> 0
A84: PLANCHA DE VAINILLA | B84: 70 | C84: =+IFERROR(VLOOKUP($A84,RAIZ!$A$3:$X$1500,MATCH('Suc. León'!$F$1,RAIZ!$A$2:$X$2,0),FALSE),0) -> 4 | D84: 4 | F84: =IF(D84-C84>=0,D84-C84,0) -> 0
A85: VAINILLA NATURAL | B85: 74 | C85: =+IFERROR(VLOOKUP($A85,RAIZ!$A$3:$X$1500,MATCH('Suc. León'!$F$1,RAIZ!$A$2:$X$2,0),FALSE),0) -> 3 | D85: 4 | F85: =IF(D85-C85>=0,D85-C85,0) -> 1
A86: PETIT DECORADO | B86: 69 | C86: =+IFERROR(VLOOKUP($A86,RAIZ!$A$3:$X$1500,MATCH('Suc. León'!$F$1,RAIZ!$A$2:$X$2,0),FALSE),0) -> 5 | D86: 5 | F86: =IF(D86-C86>=0,D86-C86,0) -> 0
B87: 323 | C87: =+IFERROR(VLOOKUP($A87,RAIZ!$A$3:$X$1500,MATCH('Suc. León'!$F$1,RAIZ!$A$2:$X$2,0),FALSE),0) -> 0 | F87: =IF(D87-C87>=0,D87-C87,0) -> 0
B88: 216 | C88: =+IFERROR(VLOOKUP($A88,RAIZ!$A$3:$X$1500,MATCH('Suc. León'!$F$1,RAIZ!$A$2:$X$2,0),FALSE),0) -> 0 | F88: =IF(D88-C88>=0,D88-C88,0) -> 0
B89: 215 | C89: =+IFERROR(VLOOKUP($A89,RAIZ!$A$3:$X$1500,MATCH('Suc. León'!$F$1,RAIZ!$A$2:$X$2,0),FALSE),0) -> 0 | F89: =IF(D89-C89>=0,D89-C89,0) -> 0
B90: 321 | C90: =+IFERROR(VLOOKUP($A90,RAIZ!$A$3:$X$1500,MATCH('Suc. León'!$F$1,RAIZ!$A$2:$X$2,0),FALSE),0) -> 0 | F90: =IF(D90-C90>=0,D90-C90,0) -> 0
A91: Total Area | C91: =SUM(C81:C90) -> 18 | D91: =SUM(D81:D90) -> 20 | E91: 0 | F91: =SUM(F81:F90) -> 2 | G91: =SUM(G81:G90) -> 1
A92: GELATINAS
A93: GELATINA FRESA GDE | B93: 40 | C93: =+IFERROR(VLOOKUP($A93,RAIZ!$A$3:$X$1500,MATCH('Suc. León'!$F$1,RAIZ!$A$2:$X$2,0),FALSE),0) -> 3 | D93: 3 | F93: =IF(D93-C93>=0,D93-C93,0) -> 0
A94: GELATINA MOSAICO GDE | B94: 44 | C94: =+IFERROR(VLOOKUP($A94,RAIZ!$A$3:$X$1500,MATCH('Suc. León'!$F$1,RAIZ!$A$2:$X$2,0),FALSE),0) -> 3 | D94: 2 | F94: =IF(D94-C94>=0,D94-C94,0) -> 0
A95: GELATINA MOSAICO CH | B95: 45 | C95: =+IFERROR(VLOOKUP($A95,RAIZ!$A$3:$X$1500,MATCH('Suc. León'!$F$1,RAIZ!$A$2:$X$2,0),FALSE),0) -> 2 | D95: 2 | F95: =IF(D95-C95>=0,D95-C95,0) -> 0
A96: GELATINA IND FRESA | B96: 48 | C96: =+IFERROR(VLOOKUP($A96,RAIZ!$A$3:$X$1500,MATCH('Suc. León'!$F$1,RAIZ!$A$2:$X$2,0),FALSE),0) -> 10 | D96: 10 | F96: =IF(D96-C96>=0,D96-C96,0) -> 0
A97: GELATINA IND MOSAICO | B97: 49 | C97: =+IFERROR(VLOOKUP($A97,RAIZ!$A$3:$X$1500,MATCH('Suc. León'!$F$1,RAIZ!$A$2:$X$2,0),FALSE),0) -> 5 | D97: 6 | F97: =IF(D97-C97>=0,D97-C97,0) -> 1 | G97: 1
A98: GELATINA PROMO $90 | B98: 10B | C98: =+IFERROR(VLOOKUP($A98,RAIZ!$A$3:$X$1500,MATCH('Suc. León'!$F$1,RAIZ!$A$2:$X$2,0),FALSE),0) -> 10 | D98: 4 | E98: 15 | F98: =IF(D98-C98>=0,D98-C98,0) -> 0
A99: GELATINA FRESA $150 | B99: 01GE | C99: =+IFERROR(VLOOKUP($A99,RAIZ!$A$3:$X$1500,MATCH('Suc. León'!$F$1,RAIZ!$A$2:$X$2,0),FALSE),0) -> 3 | D99: 3 | F99: =IF(D99-C99>=0,D99-C99,0) -> 0
A100: Gelatina de promocion semana santa | B100: 211 | C100: =+IFERROR(VLOOKUP($A100,RAIZ!$A$3:$X$1500,MATCH('Suc. León'!$F$1,RAIZ!$A$2:$X$2,0),FALSE),0) -> 28 | D100: 30 | E100: 30 | F100: =IF(D100-C100>=0,D100-C100,0) -> 2 | G100: 2
...

Sheet Suc. Vistas
A1: =RAIZ!B1 -> 46301 | D1: SUCURSAL | F1: Suc. Vistas | H1: [ Suc. Vistas - Cantidad ]
A2: PRODUCTO | B2: CODIGO | C2: EXISTENCIA EN SUCURSAL | D2: STOCK DETERMINADO | E2: PROMEDIO DE DISTRIBUCIÓN | F2: PRODUCTO A COMPLETAR | G2: A SURTIR TICKET
A3: PIÑA GDE | B3: 02 | C3: =+IFERROR(VLOOKUP($A3,RAIZ!$A$3:$X$1500,MATCH('Suc. Vistas'!$F$1,RAIZ!$A$2:$X$2,0),FALSE),0) -> 1 | D3: 2 | F3: =IF(D3-C3>=0,D3-C3,0) -> 1 | G3: 1
A4: DURAZNO GDE | B4: 04 | C4: =+IFERROR(VLOOKUP($A4,RAIZ!$A$3:$X$1500,MATCH('Suc. Vistas'!$F$1,RAIZ!$A$2:$X$2,0),FALSE),0) -> 2 | D4: 2 | F4: =IF(D4-C4>=0,D4-C4,0) -> 0
A5: 3 LECHES GDE | B5: 06 | C5: =+IFERROR(VLOOKUP($A5,RAIZ!$A$3:$X$1500,MATCH('Suc. Vistas'!$F$1,RAIZ!$A$2:$X$2,0),FALSE),0) -> 2 | D5: 2 | F5: =IF(D5-C5>=0,D5-C5,0) -> 0
A6: FRUTAS GDE | B6: 03 | C6: =+IFERROR(VLOOKUP($A6,RAIZ!$A$3:$X$1500,MATCH('Suc. Vistas'!$F$1,RAIZ!$A$2:$X$2,0),FALSE),0) -> 2 | D6: 4 | F6: =IF(D6-C6>=0,D6-C6,0) -> 2 | G6: 2
A7: DUO DURAZNO GDE | B7: 13 | C7: =+IFERROR(VLOOKUP($A7,RAIZ!$A$3:$X$1500,MATCH('Suc. Vistas'!$F$1,RAIZ!$A$2:$X$2,0),FALSE),0) -> 2 | D7: 2 | F7: =IF(D7-C7>=0,D7-C7,0) -> 0
A8: MOKA GDE | B8: 01 | C8: =+IFERROR(VLOOKUP($A8,RAIZ!$A$3:$X$1500,MATCH('Suc. Vistas'!$F$1,RAIZ!$A$2:$X$2,0),FALSE),0) -> 2 | D8: 4 | F8: =IF(D8-C8>=0,D8-C8,0) -> 2 | G8: 2
A9: NUTELA GDE | B9: 09 | C9: =+IFERROR(VLOOKUP($A9,RAIZ!$A$3:$X$1500,MATCH('Suc. Vistas'!$F$1,RAIZ!$A$2:$X$2,0),FALSE),0) -> 1 | D9: 2 | F9: =IF(D9-C9>=0,D9-C9,0) -> 1 | G9: 1
A10: CHOCOLATE GDE | B10: 07 | C10: =+IFERROR(VLOOKUP($A10,RAIZ!$A$3:$X$1500,MATCH('Suc. Vistas'!$F$1,RAIZ!$A$2:$X$2,0),FALSE),0) -> 4 | D10: 4 | F10: =IF(D10-C10>=0,D10-C10,0) -> 0
A11: M & M GDE | B11: 36 | C11: =+IFERROR(VLOOKUP($A11,RAIZ!$A$3:$X$1500,MATCH('Suc. Vistas'!$F$1,RAIZ!$A$2:$X$2,0),FALSE),0) -> 1 | D11: 2 | F11: =IF(D11-C11>=0,D11-C11,0) -> 1 | G11: 1
C12: =+IFERROR(VLOOKUP($A12,RAIZ!$A$3:$X$1500,MATCH('Suc. Vistas'!$F$1,RAIZ!$A$2:$X$2,0),FALSE),0) -> 0 | F12: =IF(D12-C12>=0,D12-C12,0) -> 0
C13: =+IFERROR(VLOOKUP($A13,RAIZ!$A$3:$X$1500,MATCH('Suc. Vistas'!$F$1,RAIZ!$A$2:$X$2,0),FALSE),0) -> 0 | F13: =IF(D13-C13>=0,D13-C13,0) -> 0
C14: =+IFERROR(VLOOKUP($A14,RAIZ!$A$3:$X$1500,MATCH('Suc. Vistas'!$F$1,RAIZ!$A$2:$X$2,0),FALSE),0) -> 0 | F14: =IF(D14-C14>=0,D14-C14,0) -> 0
C15: =+IFERROR(VLOOKUP($A15,RAIZ!$A$3:$X$1500,MATCH('Suc. Vistas'!$F$1,RAIZ!$A$2:$X$2,0),FALSE),0) -> 0 | F15: =IF(D15-C15>=0,D15-C15,0) -> 0
C16: =+IFERROR(VLOOKUP($A16,RAIZ!$A$3:$X$1500,MATCH('Suc. Vistas'!$F$1,RAIZ!$A$2:$X$2,0),FALSE),0) -> 0 | F16: =IF(D16-C16>=0,D16-C16,0) -> 0
C17: =+IFERROR(VLOOKUP($A17,RAIZ!$A$3:$X$1500,MATCH('Suc. Vistas'!$F$1,RAIZ!$A$2:$X$2,0),FALSE),0) -> 0 | F17: =IF(D17-C17>=0,D17-C17,0) -> 0
A18: 3 LECHES GRANDES | C18: =SUM(C3:C17) -> 17 | D18: =SUM(D3:D17) -> 24 | E18: =SUM(E3:E17) -> 0 | F18: =SUM(F3:F17) -> 7 | G18: =SUM(G3:G17) -> 7
A19: TRES LECHES MEDIANO | B19: 04M | C19: =+IFERROR(VLOOKUP($A19,RAIZ!$A$3:$X$1500,MATCH('Suc. Vistas'!$F$1,RAIZ!$A$2:$X$2,0),FALSE),0) -> 1 | D19: 2 | F19: =IF(D19-C19>=0,D19-C19,0) -> 1 | G19: 1
A20: FRUTAS MED | B20: 23N | C20: =+IFERROR(VLOOKUP($A20,RAIZ!$A$3:$X$1500,MATCH('Suc. Vistas'!$F$1,RAIZ!$A$2:$X$2,0),FALSE),0) -> 2 | D20: 4 | F20: =IF(D20-C20>=0,D20-C20,0) -> 2 | G20: 2
A21: DUO DURAZNO MEDIANO | B21: 06M | C21: =+IFERROR(VLOOKUP($A21,RAIZ!$A$3:$X$1500,MATCH('Suc. Vistas'!$F$1,RAIZ!$A$2:$X$2,0),FALSE),0) -> 1 | D21: 2 | F21: =IF(D21-C21>=0,D21-C21,0) -> 1 | G21: 1
A22: PIÑA MED | B22: 08M | C22: =+IFERROR(VLOOKUP($A22,RAIZ!$A$3:$X$1500,MATCH('Suc. Vistas'!$F$1,RAIZ!$A$2:$X$2,0),FALSE),0) -> 3 | D22: 3 | F22: =IF(D22-C22>=0,D22-C22,0) -> 0
A23: CHOCOLATE MED | B23: 24N | C23: =+IFERROR(VLOOKUP($A23,RAIZ!$A$3:$X$1500,MATCH('Suc. Vistas'!$F$1,RAIZ!$A$2:$X$2,0),FALSE),0) -> 3 | D23: 4 | F23: =IF(D23-C23>=0,D23-C23,0) -> 1 | G23: 1
A24: M & M MEDIANO | B24: 07M | C24: =+IFERROR(VLOOKUP($A24,RAIZ!$A$3:$X$1500,MATCH('Suc. Vistas'!$F$1,RAIZ!$A$2:$X$2,0),FALSE),0) -> 0 | D24: 2 | F24: =IF(D24-C24>=0,D24-C24,0) -> 2
A25: MOKA MEDIANO | B25: 01M | C25: =+IFERROR(VLOOKUP($A25,RAIZ!$A$3:$X$1500,MATCH('Suc. Vistas'!$F$1,RAIZ!$A$2:$X$2,0),FALSE),0) -> 0 | D25: 4 | F25: =IF(D25-C25>=0,D25-C25,0) -> 4 | G25: 4
C26: =+IFERROR(VLOOKUP($A26,RAIZ!$A$3:$X$1500,MATCH('Suc. Vistas'!$F$1,RAIZ!$A$2:$X$2,0),FALSE),0) -> 0 | F26: =IF(D26-C26>=0,D26-C26,0) -> 0
C27: =+IFERROR(VLOOKUP($A27,RAIZ!$A$3:$X$1500,MATCH('Suc. Vistas'!$F$1,RAIZ!$A$2:$X$2,0),FALSE),0) -> 0 | F27: =IF(D27-C27>=0,D27-C27,0) -> 0
C28: =+IFERROR(VLOOKUP($A28,RAIZ!$A$3:$X$1500,MATCH('Suc. Vistas'!$F$1,RAIZ!$A$2:$X$2,0),FALSE),0) -> 0 | F28: =IF(D28-C28>=0,D28-C28,0) -> 0
C29: =+IFERROR(VLOOKUP($A29,RAIZ!$A$3:$X$1500,MATCH('Suc. Vistas'!$F$1,RAIZ!$A$2:$X$2,0),FALSE),0) -> 0 | F29: =IF(D29-C29>=0,D29-C29,0) -> 0
C30: =+IFERROR(VLOOKUP($A30,RAIZ!$A$3:$X$1500,MATCH('Suc. Vistas'!$F$1,RAIZ!$A$2:$X$2,0),FALSE),0) -> 0 | F30: =IF(D30-C30>=0,D30-C30,0) -> 0
C31: =+IFERROR(VLOOKUP($A31,RAIZ!$A$3:$X$1500,MATCH('Suc. Vistas'!$F$1,RAIZ!$A$2:$X$2,0),FALSE),0) -> 0 | F31: =IF(D31-C31>=0,D31-C31,0) -> 0
A32: 3 LECHES MEDIANOS | C32: =SUM(C19:C31) -> 10 | D32: =SUM(D19:D31) -> 21 | E32: =SUM(E19:E31) -> 0 | F32: =SUM(F19:F31) -> 11 | G32: =SUM(G19:G31) -> 9
A33: PIÑA CH | B33: 16 | C33: =+IFERROR(VLOOKUP($A33,RAIZ!$A$3:$X$1500,MATCH('Suc. Vistas'!$F$1,RAIZ!$A$2:$X$2,0),FALSE),0) -> 0 | D33: 2 | F33: =IF(D33-C33>=0,D33-C33,0) -> 2 | G33: 2
A34: DURAZNO CH | B34: 17 | C34: =+IFERROR(VLOOKUP($A34,RAIZ!$A$3:$X$1500,MATCH('Suc. Vistas'!$F$1,RAIZ!$A$2:$X$2,0),FALSE),0) -> 2 | D34: 2 | F34: =IF(D34-C34>=0,D34-C34,0) -> 0
A35: FRESA CH | B35: 18 | C35: =+IFERROR(VLOOKUP($A35,RAIZ!$A$3:$X$1500,MATCH('Suc. Vistas'!$F$1,RAIZ!$A$2:$X$2,0),FALSE),0) -> 1 | D35: 2 | F35: =IF(D35-C35>=0,D35-C35,0) -> 1 | G35: 1
A36: 3 LECHES CH | B36: 19 | C36: =+IFERROR(VLOOKUP($A36,RAIZ!$A$3:$X$1500,MATCH('Suc. Vistas'!$F$1,RAIZ!$A$2:$X$2,0),FALSE),0) -> 1 | D36: 2 | F36: =IF(D36-C36>=0,D36-C36,0) -> 1 | G36: 1
A37: FRUTAS CH | B37: 20 | C37: =+IFERROR(VLOOKUP($A37,RAIZ!$A$3:$X$1500,MATCH('Suc. Vistas'!$F$1,RAIZ!$A$2:$X$2,0),FALSE),0) -> 0 | D37: 4 | F37: =IF(D37-C37>=0,D37-C37,0) -> 4 | G37: 4
A38: MOKA CH | B38: 23 | C38: =+IFERROR(VLOOKUP($A38,RAIZ!$A$3:$X$1500,MATCH('Suc. Vistas'!$F$1,RAIZ!$A$2:$X$2,0),FALSE),0) -> 0 | D38: 4 | F38: =IF(D38-C38>=0,D38-C38,0) -> 4 | G38: 4
A39: NUTELA CH | B39: 28 | C39: =+IFERROR(VLOOKUP($A39,RAIZ!$A$3:$X$1500,MATCH('Suc. Vistas'!$F$1,RAIZ!$A$2:$X$2,0),FALSE),0) -> 1 | D39: 2 | F39: =IF(D39-C39>=0,D39-C39,0) -> 1 | G39: 1
A40: CHOCOLATE CH | B40: 25 | C40: =+IFERROR(VLOOKUP($A40,RAIZ!$A$3:$X$1500,MATCH('Suc. Vistas'!$F$1,RAIZ!$A$2:$X$2,0),FALSE),0) -> 0 | D40: 4 | F40: =IF(D40-C40>=0,D40-C40,0) -> 4 | G40: 4
A41: M & M CH | B41: 87 | C41: =+IFERROR(VLOOKUP($A41,RAIZ!$A$3:$X$1500,MATCH('Suc. Vistas'!$F$1,RAIZ!$A$2:$X$2,0),FALSE),0) -> 2 | D41: 2 | F41: =IF(D41-C41>=0,D41-C41,0) -> 0
C42: =+IFERROR(VLOOKUP($A42,RAIZ!$A$3:$X$1500,MATCH('Suc. Vistas'!$F$1,RAIZ!$A$2:$X$2,0),FALSE),0) -> 0 | F42: =IF(D42-C42>=0,D42-C42,0) -> 0
C43: =+IFERROR(VLOOKUP($A43,RAIZ!$A$3:$X$1500,MATCH('Suc. Vistas'!$F$1,RAIZ!$A$2:$X$2,0),FALSE),0) -> 0 | F43: =IF(D43-C43>=0,D43-C43,0) -> 0
C44: =+IFERROR(VLOOKUP($A44,RAIZ!$A$3:$X$1500,MATCH('Suc. Vistas'!$F$1,RAIZ!$A$2:$X$2,0),FALSE),0) -> 0 | F44: =IF(D44-C44>=0,D44-C44,0) -> 0
C45: =+IFERROR(VLOOKUP($A45,RAIZ!$A$3:$X$1500,MATCH('Suc. Vistas'!$F$1,RAIZ!$A$2:$X$2,0),FALSE),0) -> 0 | F45: =IF(D45-C45>=0,D45-C45,0) -> 0
C46: =+IFERROR(VLOOKUP($A46,RAIZ!$A$3:$X$1500,MATCH('Suc. Vistas'!$F$1,RAIZ!$A$2:$X$2,0),FALSE),0) -> 0 | F46: =IF(D46-C46>=0,D46-C46,0) -> 0
C47: =+IFERROR(VLOOKUP($A47,RAIZ!$A$3:$X$1500,MATCH('Suc. Vistas'!$F$1,RAIZ!$A$2:$X$2,0),FALSE),0) -> 0 | F47: =IF(D47-C47>=0,D47-C47,0) -> 0
C48: =+IFERROR(VLOOKUP($A48,RAIZ!$A$3:$X$1500,MATCH('Suc. Vistas'!$F$1,RAIZ!$A$2:$X$2,0),FALSE),0) -> 0 | F48: =IF(D48-C48>=0,D48-C48,0) -> 0
A49: 3 LECHES CHICOS | C49: =SUM(C33:C48) -> 7 | D49: =SUM(D33:D48) -> 24 | E49: =SUM(E33:E48) -> 0 | F49: =SUM(F33:F48) -> 17 | G49: =SUM(G33:G48) -> 17
A50: MINI MEDIANO PIÑERO | B50: 58 | C50: =+IFERROR(VLOOKUP($A50,RAIZ!$A$3:$X$1500,MATCH('Suc. Vistas'!$F$1,RAIZ!$A$2:$X$2,0),FALSE),0) -> 7 | D50: 8 | F50: =IF(D50-C50>=0,D50-C50,0) -> 1 | G50: 1
A51: MINI MEDIANO CHOCOLATE | B51: 60 | C51: =+IFERROR(VLOOKUP($A51,RAIZ!$A$3:$X$1500,MATCH('Suc. Vistas'!$F$1,RAIZ!$A$2:$X$2,0),FALSE),0) -> 6 | D51: 8 | F51: =IF(D51-C51>=0,D51-C51,0) -> 2 | G51: 2
A52: MINI MEDIANOS 3 LECHES | C52: =SUM(C50:C51) -> 13 | D52: =SUM(D50:D51) -> 16 | E52: =SUM(E50:E51) -> 0 | F52: =SUM(F50:F51) -> 3 | G52: =SUM(G50:G51) -> 3
A53: MINI PASTELITO PIÑERO | B53: 59 | C53: =+IFERROR(VLOOKUP($A53,RAIZ!$A$3:$X$1500,MATCH('Suc. Vistas'!$F$1,RAIZ!$A$2:$X$2,0),FALSE),0) -> 7 | D53: 10 | F53: =IF(D53-C53>=0,D53-C53,0) -> 3 | G53: 3
A54: MINI PASTELITO CHOCOLATE | B54: 61 | C54: =+IFERROR(VLOOKUP($A54,RAIZ!$A$3:$X$1500,MATCH('Suc. Vistas'!$F$1,RAIZ!$A$2:$X$2,0),FALSE),0) -> 6 | D54: 10 | F54: =IF(D54-C54>=0,D54-C54,0) -> 4 | G54: 4
A55: MINI MINI 3 LECHES | C55: =SUM(C53:C54) -> 13 | D55: =SUM(D53:D54) -> 20 | E55: =SUM(E53:E54) -> 0 | F55: =SUM(F53:F54) -> 7 | G55: =SUM(G53:G54) -> 7
A56: 3 LECHES QUESO GDE | B56: 30 | C56: =+IFERROR(VLOOKUP($A56,RAIZ!$A$3:$X$1500,MATCH('Suc. Vistas'!$F$1,RAIZ!$A$2:$X$2,0),FALSE),0) -> 2 | D56: 2 | F56: =IF(D56-C56>=0,D56-C56,0) -> 0
A57: 3 LECHES QUESO CH | B57: 30CH | C57: =+IFERROR(VLOOKUP($A57,RAIZ!$A$3:$X$1500,MATCH('Suc. Vistas'!$F$1,RAIZ!$A$2:$X$2,0),FALSE),0) -> 2 | D57: 2 | F57: =IF(D57-C57>=0,D57-C57,0) -> 0
A58: SELVA NEGRA CH | B58: 31CH | C58: =+IFERROR(VLOOKUP($A58,RAIZ!$A$3:$X$1500,MATCH('Suc. Vistas'!$F$1,RAIZ!$A$2:$X$2,0),FALSE),0) -> 1 | D58: 1 | F58: =IF(D58-C58>=0,D58-C58,0) -> 0
A59: CHOCOQUESO | B59: 32 | C59: =+IFERROR(VLOOKUP($A59,RAIZ!$A$3:$X$1500,MATCH('Suc. Vistas'!$F$1,RAIZ!$A$2:$X$2,0),FALSE),0) -> 1 | D59: 1 | F59: =IF(D59-C59>=0,D59-C59,0) -> 0
A60: CHOCOQUESO CH | B60: 32CH | C60: =+IFERROR(VLOOKUP($A60,RAIZ!$A$3:$X$1500,MATCH('Suc. Vistas'!$F$1,RAIZ!$A$2:$X$2,0),FALSE),0) -> 1 | D60: 1 | F60: =IF(D60-C60>=0,D60-C60,0) -> 0
A61: RED VELVET CHEESE CAKE GDE | B61: N01 | C61: =+IFERROR(VLOOKUP($A61,RAIZ!$A$3:$X$1500,MATCH('Suc. Vistas'!$F$1,RAIZ!$A$2:$X$2,0),FALSE),0) -> 1 | D61: 1 | F61: =IF(D61-C61>=0,D61-C61,0) -> 0
A62: RED VELVET CHEESE CAKE MINI MEDIANO | B62: N02 | C62: =+IFERROR(VLOOKUP($A62,RAIZ!$A$3:$X$1500,MATCH('Suc. Vistas'!$F$1,RAIZ!$A$2:$X$2,0),FALSE),0) -> 0 | D62: 1 | F62: =IF(D62-C62>=0,D62-C62,0) -> 1 | G62: 1
A63: CHESSECAKE GDE | B63: 37 | C63: =+IFERROR(VLOOKUP($A63,RAIZ!$A$3:$X$1500,MATCH('Suc. Vistas'!$F$1,RAIZ!$A$2:$X$2,0),FALSE),0) -> 1 | D63: 1 | F63: =IF(D63-C63>=0,D63-C63,0) -> 0
A64: CHESSECAKE MINIMED | B64: 62 | C64: =+IFERROR(VLOOKUP($A64,RAIZ!$A$3:$X$1500,MATCH('Suc. Vistas'!$F$1,RAIZ!$A$2:$X$2,0),FALSE),0) -> 1 | D64: 2 | F64: =IF(D64-C64>=0,D64-C64,0) -> 1 | G64: 1
A65: CHESSECAKE PETIT | B65: 63 | C65: =+IFERROR(VLOOKUP($A65,RAIZ!$A$3:$X$1500,MATCH('Suc. Vistas'!$F$1,RAIZ!$A$2:$X$2,0),FALSE),0) -> 1 | D65: 3 | F65: =IF(D65-C65>=0,D65-C65,0) -> 2 | G65: 2
A66: ZANAHORIA GDE | B66: 15 | C66: =+IFERROR(VLOOKUP($A66,RAIZ!$A$3:$X$1500,MATCH('Suc. Vistas'!$F$1,RAIZ!$A$2:$X$2,0),FALSE),0) -> 0 | D66: 1 | F66: =IF(D66-C66>=0,D66-C66,0) -> 1 | G66: 1
A67: ZANAHORIA CH | B67: 29 | C67: =+IFERROR(VLOOKUP($A67,RAIZ!$A$3:$X$1500,MATCH('Suc. Vistas'!$F$1,RAIZ!$A$2:$X$2,0),FALSE),0) -> 1 | D67: 1 | F67: =IF(D67-C67>=0,D67-C67,0) -> 0
A68: ZANAHORIA PETIT | B68: 67 | C68: =+IFERROR(VLOOKUP($A68,RAIZ!$A$3:$X$1500,MATCH('Suc. Vistas'!$F$1,RAIZ!$A$2:$X$2,0),FALSE),0) -> 1 | D68: 2 | F68: =IF(D68-C68>=0,D68-C68,0) -> 1 | G68: 1
A69: ROSCA C/CAJETA | B69: 78 | C69: =+IFERROR(VLOOKUP($A69,RAIZ!$A$3:$X$1500,MATCH('Suc. Vistas'!$F$1,RAIZ!$A$2:$X$2,0),FALSE),0) -> 1 | D69: 1 | F69: =IF(D69-C69>=0,D69-C69,0) -> 0
A70: CAJITA DE TRES LECHES | B70: C3L | C70: =+IFERROR(VLOOKUP($A70,RAIZ!$A$3:$X$1500,MATCH('Suc. Vistas'!$F$1,RAIZ!$A$2:$X$2,0),FALSE),0) -> 3 | D70: 3 | F70: =IF(D70-C70>=0,D70-C70,0) -> 0
A71: CHOCOFLAN MINI MEDIANO | B71: 64 | C71: =+IFERROR(VLOOKUP($A71,RAIZ!$A$3:$X$1500,MATCH('Suc. Vistas'!$F$1,RAIZ!$A$2:$X$2,0),FALSE),0) -> 2 | D71: 2 | F71: =IF(D71-C71>=0,D71-C71,0) -> 0
A72: MINI DELICIA KINDER | B72: 02MD | C72: =+IFERROR(VLOOKUP($A72,RAIZ!$A$3:$X$1500,MATCH('Suc. Vistas'!$F$1,RAIZ!$A$2:$X$2,0),FALSE),0) -> 0 | D72: 0 | F72: =IF(D72-C72>=0,D72-C72,0) -> 0
C73: =+IFERROR(VLOOKUP($A73,RAIZ!$A$3:$X$1500,MATCH('Suc. Vistas'!$F$1,RAIZ!$A$2:$X$2,0),FALSE),0) -> 0 | F73: =IF(D73-C73>=0,D73-C73,0) -> 0
C74: =+IFERROR(VLOOKUP($A74,RAIZ!$A$3:$X$1500,MATCH('Suc. Vistas'!$F$1,RAIZ!$A$2:$X$2,0),FALSE),0) -> 0 | F74: =IF(D74-C74>=0,D74-C74,0) -> 0
C75: =+IFERROR(VLOOKUP($A75,RAIZ!$A$3:$X$1500,MATCH('Suc. Vistas'!$F$1,RAIZ!$A$2:$X$2,0),FALSE),0) -> 0 | F75: =IF(D75-C75>=0,D75-C75,0) -> 0
C76: =+IFERROR(VLOOKUP($A76,RAIZ!$A$3:$X$1500,MATCH('Suc. Vistas'!$F$1,RAIZ!$A$2:$X$2,0),FALSE),0) -> 0 | F76: =IF(D76-C76>=0,D76-C76,0) -> 0
C77: =+IFERROR(VLOOKUP($A77,RAIZ!$A$3:$X$1500,MATCH('Suc. Vistas'!$F$1,RAIZ!$A$2:$X$2,0),FALSE),0) -> 0 | F77: =IF(D77-C77>=0,D77-C77,0) -> 0
A78: ESPECIALIDAD | C78: =SUM(C56:C77) -> 19 | D78: =SUM(D56:D77) -> 25 | E78: =SUM(E56:E77) -> 0 | F78: =SUM(F56:F77) -> 6 | G78: =SUM(G56:G77) -> 6
A79: Total Area | C79: =C18+C32+C49+C52+C55+C78 -> 79 | D79: =D18+D32+D49+D52+D55+D78 -> 130 | E79: =E18+E32+E49+E52+E55+E78 -> 0 | F79: =F18+F32+F49+F52+F55+F78 -> 51 | G79: =G18+G32+G49+G52+G55+G78 -> 49
A80: VAINILLAS
A81: VAINILLA MARMOLEADO | B81: 91 | C81: =+IFERROR(VLOOKUP($A81,RAIZ!$A$3:$X$1500,MATCH('Suc. Vistas'!$F$1,RAIZ!$A$2:$X$2,0),FALSE),0) -> 0 | D81: 1 | F81: =IF(D81-C81>=0,D81-C81,0) -> 1 | G81: 1
A82: VAINILLA NARANJA | B82: 92 | C82: =+IFERROR(VLOOKUP($A82,RAIZ!$A$3:$X$1500,MATCH('Suc. Vistas'!$F$1,RAIZ!$A$2:$X$2,0),FALSE),0) -> 0 | D82: 1 | F82: =IF(D82-C82>=0,D82-C82,0) -> 1 | G82: 1
A83: PLANCHA 1/4 | B83: 21N | C83: =+IFERROR(VLOOKUP($A83,RAIZ!$A$3:$X$1500,MATCH('Suc. Vistas'!$F$1,RAIZ!$A$2:$X$2,0),FALSE),0) -> 0 | D83: 1 | F83: =IF(D83-C83>=0,D83-C83,0) -> 1
A84: PLANCHA DE VAINILLA | B84: 70 | C84: =+IFERROR(VLOOKUP($A84,RAIZ!$A$3:$X$1500,MATCH('Suc. Vistas'!$F$1,RAIZ!$A$2:$X$2,0),FALSE),0) -> 1 | D84: 1 | F84: =IF(D84-C84>=0,D84-C84,0) -> 0
A85: VAINILLA NATURAL | B85: 74 | C85: =+IFERROR(VLOOKUP($A85,RAIZ!$A$3:$X$1500,MATCH('Suc. Vistas'!$F$1,RAIZ!$A$2:$X$2,0),FALSE),0) -> 0 | D85: 1 | F85: =IF(D85-C85>=0,D85-C85,0) -> 1 | G85: 1
A86: PETIT DECORADO | B86: 69 | C86: =+IFERROR(VLOOKUP($A86,RAIZ!$A$3:$X$1500,MATCH('Suc. Vistas'!$F$1,RAIZ!$A$2:$X$2,0),FALSE),0) -> 1 | D86: 3 | F86: =IF(D86-C86>=0,D86-C86,0) -> 2 | G86: 2
B87: 323 | C87: =+IFERROR(VLOOKUP($A87,RAIZ!$A$3:$X$1500,MATCH('Suc. Vistas'!$F$1,RAIZ!$A$2:$X$2,0),FALSE),0) -> 0 | F87: =IF(D87-C87>=0,D87-C87,0) -> 0
B88: 216 | C88: =+IFERROR(VLOOKUP($A88,RAIZ!$A$3:$X$1500,MATCH('Suc. Vistas'!$F$1,RAIZ!$A$2:$X$2,0),FALSE),0) -> 0 | F88: =IF(D88-C88>=0,D88-C88,0) -> 0
B89: 215 | C89: =+IFERROR(VLOOKUP($A89,RAIZ!$A$3:$X$1500,MATCH('Suc. Vistas'!$F$1,RAIZ!$A$2:$X$2,0),FALSE),0) -> 0 | F89: =IF(D89-C89>=0,D89-C89,0) -> 0
B90: 321 | C90: =+IFERROR(VLOOKUP($A90,RAIZ!$A$3:$X$1500,MATCH('Suc. Vistas'!$F$1,RAIZ!$A$2:$X$2,0),FALSE),0) -> 0 | F90: =IF(D90-C90>=0,D90-C90,0) -> 0
A91: Total Area | C91: =SUM(C81:C90) -> 2 | D91: =SUM(D81:D90) -> 8 | E91: =SUM(E81:E90) -> 0 | F91: =SUM(F81:F90) -> 6 | G91: =SUM(G81:G90) -> 5
A92: GELATINAS
A93: GELATINA FRESA GDE | B93: 40 | C93: =+IFERROR(VLOOKUP($A93,RAIZ!$A$3:$X$1500,MATCH('Suc. Vistas'!$F$1,RAIZ!$A$2:$X$2,0),FALSE),0) -> 2 | D93: 2 | F93: =IF(D93-C93>=0,D93-C93,0) -> 0
A94: GELATINA MOSAICO GDE | B94: 44 | C94: =+IFERROR(VLOOKUP($A94,RAIZ!$A$3:$X$1500,MATCH('Suc. Vistas'!$F$1,RAIZ!$A$2:$X$2,0),FALSE),0) -> 2 | D94: 2 | F94: =IF(D94-C94>=0,D94-C94,0) -> 0
A95: GELATINA MOSAICO CH | B95: 45 | C95: =+IFERROR(VLOOKUP($A95,RAIZ!$A$3:$X$1500,MATCH('Suc. Vistas'!$F$1,RAIZ!$A$2:$X$2,0),FALSE),0) -> 2 | D95: 2 | F95: =IF(D95-C95>=0,D95-C95,0) -> 0
A96: GELATINA IND FRESA | B96: 48 | C96: =+IFERROR(VLOOKUP($A96,RAIZ!$A$3:$X$1500,MATCH('Suc. Vistas'!$F$1,RAIZ!$A$2:$X$2,0),FALSE),0) -> 6 | D96: 6 | F96: =IF(D96-C96>=0,D96-C96,0) -> 0
A97: GELATINA IND MOSAICO | B97: 49 | C97: =+IFERROR(VLOOKUP($A97,RAIZ!$A$3:$X$1500,MATCH('Suc. Vistas'!$F$1,RAIZ!$A$2:$X$2,0),FALSE),0) -> 6 | D97: 6 | F97: =IF(D97-C97>=0,D97-C97,0) -> 0
A98: GELATINA PROMO $90 | B98: 10B | C98: =+IFERROR(VLOOKUP($A98,RAIZ!$A$3:$X$1500,MATCH('Suc. Vistas'!$F$1,RAIZ!$A$2:$X$2,0),FALSE),0) -> 3 | D98: 4 | E98: 12 | F98: =IF(D98-C98>=0,D98-C98,0) -> 1 | G98: 1
A99: GELATINA FRESA $150 | B99: 01GE | C99: =+IFERROR(VLOOKUP($A99,RAIZ!$A$3:$X$1500,MATCH('Suc. Vistas'!$F$1,RAIZ!$A$2:$X$2,0),FALSE),0) -> 3 | D99: 3 | F99: =IF(D99-C99>=0,D99-C99,0) -> 0
A100: Gelatina de promocion semana santa | B100: 211 | C100: =+IFERROR(VLOOKUP($A100,RAIZ!$A$3:$X$1500,MATCH('Suc. Vistas'!$F$1,RAIZ!$A$2:$X$2,0),FALSE),0) -> 7 | D100: 30 | E100: 0 | F100: =IF(D100-C100>=0,D100-C100,0) -> 23 | G100: 23
...

Sheet Suc. Xalisco
A1: =RAIZ!B1 -> 46301 | D1: SUCURSAL | F1: Suc. Xalisco | H1: [ Suc. Xalisco - Cantidad ]
A2: PRODUCTO | B2: CODIGO | C2: EXISTENCIA EN SUCURSAL | D2: STOCK DETERMINADO | E2: PROMEDIO DE DISTRIBUCIÓN | F2: PRODUCTO A COMPLETAR | G2: A SURTIR TICKET | H2: MARTES
A3: PIÑA GDE | B3: 02 | C3: =+IFERROR(VLOOKUP($A3,RAIZ!$A$3:$X$1500,MATCH('Suc. Xalisco'!$F$1,RAIZ!$A$2:$X$2,0),FALSE),0) -> 1 | D3: 2 | F3: =IF(D3-C3>=0,D3-C3,0) -> 1 | G3: 1
A4: DURAZNO GDE | B4: 04 | C4: =+IFERROR(VLOOKUP($A4,RAIZ!$A$3:$X$1500,MATCH('Suc. Xalisco'!$F$1,RAIZ!$A$2:$X$2,0),FALSE),0) -> 1 | D4: 2 | F4: =IF(D4-C4>=0,D4-C4,0) -> 1 | G4: 1
A5: 3 LECHES GDE | B5: 06 | C5: =+IFERROR(VLOOKUP($A5,RAIZ!$A$3:$X$1500,MATCH('Suc. Xalisco'!$F$1,RAIZ!$A$2:$X$2,0),FALSE),0) -> 2 | D5: 2 | F5: =IF(D5-C5>=0,D5-C5,0) -> 0
A6: FRUTAS GDE | B6: 03 | C6: =+IFERROR(VLOOKUP($A6,RAIZ!$A$3:$X$1500,MATCH('Suc. Xalisco'!$F$1,RAIZ!$A$2:$X$2,0),FALSE),0) -> 3 | D6: 3 | F6: =IF(D6-C6>=0,D6-C6,0) -> 0
A7: DUO DURAZNO GDE | B7: 13 | C7: =+IFERROR(VLOOKUP($A7,RAIZ!$A$3:$X$1500,MATCH('Suc. Xalisco'!$F$1,RAIZ!$A$2:$X$2,0),FALSE),0) -> 1 | D7: 2 | F7: =IF(D7-C7>=0,D7-C7,0) -> 1 | G7: 1
A8: MOKA GDE | B8: 01 | C8: =+IFERROR(VLOOKUP($A8,RAIZ!$A$3:$X$1500,MATCH('Suc. Xalisco'!$F$1,RAIZ!$A$2:$X$2,0),FALSE),0) -> 3 | D8: 3 | F8: =IF(D8-C8>=0,D8-C8,0) -> 0
A9: NUTELA GDE | B9: 09 | C9: =+IFERROR(VLOOKUP($A9,RAIZ!$A$3:$X$1500,MATCH('Suc. Xalisco'!$F$1,RAIZ!$A$2:$X$2,0),FALSE),0) -> 2 | D9: 2 | F9: =IF(D9-C9>=0,D9-C9,0) -> 0
A10: CHOCOLATE GDE | B10: 07 | C10: =+IFERROR(VLOOKUP($A10,RAIZ!$A$3:$X$1500,MATCH('Suc. Xalisco'!$F$1,RAIZ!$A$2:$X$2,0),FALSE),0) -> 1 | D10: 2 | F10: =IF(D10-C10>=0,D10-C10,0) -> 1 | G10: 1
A11: M & M GDE | B11: 36 | C11: =+IFERROR(VLOOKUP($A11,RAIZ!$A$3:$X$1500,MATCH('Suc. Xalisco'!$F$1,RAIZ!$A$2:$X$2,0),FALSE),0) -> 0 | D11: 2 | F11: =IF(D11-C11>=0,D11-C11,0) -> 2 | G11: 2
C12: =+IFERROR(VLOOKUP($A12,RAIZ!$A$3:$X$1500,MATCH('Suc. Xalisco'!$F$1,RAIZ!$A$2:$X$2,0),FALSE),0) -> 0 | F12: =IF(D12-C12>=0,D12-C12,0) -> 0
C13: =+IFERROR(VLOOKUP($A13,RAIZ!$A$3:$X$1500,MATCH('Suc. Xalisco'!$F$1,RAIZ!$A$2:$X$2,0),FALSE),0) -> 0 | F13: =IF(D13-C13>=0,D13-C13,0) -> 0
C14: =+IFERROR(VLOOKUP($A14,RAIZ!$A$3:$X$1500,MATCH('Suc. Xalisco'!$F$1,RAIZ!$A$2:$X$2,0),FALSE),0) -> 0 | F14: =IF(D14-C14>=0,D14-C14,0) -> 0
C15: =+IFERROR(VLOOKUP($A15,RAIZ!$A$3:$X$1500,MATCH('Suc. Xalisco'!$F$1,RAIZ!$A$2:$X$2,0),FALSE),0) -> 0 | F15: =IF(D15-C15>=0,D15-C15,0) -> 0
C16: =+IFERROR(VLOOKUP($A16,RAIZ!$A$3:$X$1500,MATCH('Suc. Xalisco'!$F$1,RAIZ!$A$2:$X$2,0),FALSE),0) -> 0 | F16: =IF(D16-C16>=0,D16-C16,0) -> 0
C17: =+IFERROR(VLOOKUP($A17,RAIZ!$A$3:$X$1500,MATCH('Suc. Xalisco'!$F$1,RAIZ!$A$2:$X$2,0),FALSE),0) -> 0 | F17: =IF(D17-C17>=0,D17-C17,0) -> 0
A18: 3 LECHES GRANDES | C18: =SUM(C3:C17) -> 14 | D18: =SUM(D3:D17) -> 20 | E18: =SUM(E3:E17) -> 0 | F18: =SUM(F3:F17) -> 6 | G18: =SUM(G3:G17) -> 6
A19: TRES LECHES MEDIANO | B19: 04M | C19: =+IFERROR(VLOOKUP($A19,RAIZ!$A$3:$X$1500,MATCH('Suc. Xalisco'!$F$1,RAIZ!$A$2:$X$2,0),FALSE),0) -> 1 | D19: 1 | F19: =IF(D19-C19>=0,D19-C19,0) -> 0
A20: FRUTAS MED | B20: 23N | C20: =+IFERROR(VLOOKUP($A20,RAIZ!$A$3:$X$1500,MATCH('Suc. Xalisco'!$F$1,RAIZ!$A$2:$X$2,0),FALSE),0) -> 2 | D20: 3 | F20: =IF(D20-C20>=0,D20-C20,0) -> 1 | G20: 1
A21: DUO DURAZNO MEDIANO | B21: 06M | C21: =+IFERROR(VLOOKUP($A21,RAIZ!$A$3:$X$1500,MATCH('Suc. Xalisco'!$F$1,RAIZ!$A$2:$X$2,0),FALSE),0) -> 1 | D21: 1 | F21: =IF(D21-C21>=0,D21-C21,0) -> 0
A22: PIÑA MED | B22: 08M | C22: =+IFERROR(VLOOKUP($A22,RAIZ!$A$3:$X$1500,MATCH('Suc. Xalisco'!$F$1,RAIZ!$A$2:$X$2,0),FALSE),0) -> 1 | D22: 2 | F22: =IF(D22-C22>=0,D22-C22,0) -> 1 | G22: 1
A23: CHOCOLATE MED | B23: 24N | C23: =+IFERROR(VLOOKUP($A23,RAIZ!$A$3:$X$1500,MATCH('Suc. Xalisco'!$F$1,RAIZ!$A$2:$X$2,0),FALSE),0) -> 2 | D23: 3 | F23: =IF(D23-C23>=0,D23-C23,0) -> 1 | G23: 1
A24: M & M MEDIANO | B24: 07M | C24: =+IFERROR(VLOOKUP($A24,RAIZ!$A$3:$X$1500,MATCH('Suc. Xalisco'!$F$1,RAIZ!$A$2:$X$2,0),FALSE),0) -> 0 | D24: 1 | F24: =IF(D24-C24>=0,D24-C24,0) -> 1
A25: MOKA MEDIANO | B25: 01M | C25: =+IFERROR(VLOOKUP($A25,RAIZ!$A$3:$X$1500,MATCH('Suc. Xalisco'!$F$1,RAIZ!$A$2:$X$2,0),FALSE),0) -> 0 | D25: 3 | F25: =IF(D25-C25>=0,D25-C25,0) -> 3 | G25: 3
C26: =+IFERROR(VLOOKUP($A26,RAIZ!$A$3:$X$1500,MATCH('Suc. Xalisco'!$F$1,RAIZ!$A$2:$X$2,0),FALSE),0) -> 0 | F26: =IF(D26-C26>=0,D26-C26,0) -> 0
C27: =+IFERROR(VLOOKUP($A27,RAIZ!$A$3:$X$1500,MATCH('Suc. Xalisco'!$F$1,RAIZ!$A$2:$X$2,0),FALSE),0) -> 0 | F27: =IF(D27-C27>=0,D27-C27,0) -> 0
C28: =+IFERROR(VLOOKUP($A28,RAIZ!$A$3:$X$1500,MATCH('Suc. Xalisco'!$F$1,RAIZ!$A$2:$X$2,0),FALSE),0) -> 0 | F28: =IF(D28-C28>=0,D28-C28,0) -> 0
C29: =+IFERROR(VLOOKUP($A29,RAIZ!$A$3:$X$1500,MATCH('Suc. Xalisco'!$F$1,RAIZ!$A$2:$X$2,0),FALSE),0) -> 0 | F29: =IF(D29-C29>=0,D29-C29,0) -> 0
C30: =+IFERROR(VLOOKUP($A30,RAIZ!$A$3:$X$1500,MATCH('Suc. Xalisco'!$F$1,RAIZ!$A$2:$X$2,0),FALSE),0) -> 0 | F30: =IF(D30-C30>=0,D30-C30,0) -> 0
C31: =+IFERROR(VLOOKUP($A31,RAIZ!$A$3:$X$1500,MATCH('Suc. Xalisco'!$F$1,RAIZ!$A$2:$X$2,0),FALSE),0) -> 0 | F31: =IF(D31-C31>=0,D31-C31,0) -> 0
A32: 3 LECHES MEDIANOS | C32: =SUM(C19:C31) -> 7 | D32: =SUM(D19:D31) -> 14 | E32: =SUM(E19:E31) -> 0 | F32: =SUM(F19:F31) -> 7 | G32: =SUM(G19:G31) -> 6
A33: PIÑA CH | B33: 16 | C33: =+IFERROR(VLOOKUP($A33,RAIZ!$A$3:$X$1500,MATCH('Suc. Xalisco'!$F$1,RAIZ!$A$2:$X$2,0),FALSE),0) -> 2 | D33: 2 | F33: =IF(D33-C33>=0,D33-C33,0) -> 0
A34: DURAZNO CH | B34: 17 | C34: =+IFERROR(VLOOKUP($A34,RAIZ!$A$3:$X$1500,MATCH('Suc. Xalisco'!$F$1,RAIZ!$A$2:$X$2,0),FALSE),0) -> 2 | D34: 2 | F34: =IF(D34-C34>=0,D34-C34,0) -> 0
A35: FRESA CH | B35: 18 | C35: =+IFERROR(VLOOKUP($A35,RAIZ!$A$3:$X$1500,MATCH('Suc. Xalisco'!$F$1,RAIZ!$A$2:$X$2,0),FALSE),0) -> 2 | D35: 2 | F35: =IF(D35-C35>=0,D35-C35,0) -> 0
A36: 3 LECHES CH | B36: 19 | C36: =+IFERROR(VLOOKUP($A36,RAIZ!$A$3:$X$1500,MATCH('Suc. Xalisco'!$F$1,RAIZ!$A$2:$X$2,0),FALSE),0) -> 2 | D36: 2 | F36: =IF(D36-C36>=0,D36-C36,0) -> 0
A37: FRUTAS CH | B37: 20 | C37: =+IFERROR(VLOOKUP($A37,RAIZ!$A$3:$X$1500,MATCH('Suc. Xalisco'!$F$1,RAIZ!$A$2:$X$2,0),FALSE),0) -> 3 | D37: 3 | F37: =IF(D37-C37>=0,D37-C37,0) -> 0
A38: MOKA CH | B38: 23 | C38: =+IFERROR(VLOOKUP($A38,RAIZ!$A$3:$X$1500,MATCH('Suc. Xalisco'!$F$1,RAIZ!$A$2:$X$2,0),FALSE),0) -> 2 | D38: 3 | F38: =IF(D38-C38>=0,D38-C38,0) -> 1 | G38: 1
A39: NUTELA CH | B39: 28 | C39: =+IFERROR(VLOOKUP($A39,RAIZ!$A$3:$X$1500,MATCH('Suc. Xalisco'!$F$1,RAIZ!$A$2:$X$2,0),FALSE),0) -> 1 | D39: 2 | F39: =IF(D39-C39>=0,D39-C39,0) -> 1 | G39: 1
A40: CHOCOLATE CH | B40: 25 | C40: =+IFERROR(VLOOKUP($A40,RAIZ!$A$3:$X$1500,MATCH('Suc. Xalisco'!$F$1,RAIZ!$A$2:$X$2,0),FALSE),0) -> 0 | D40: 1 | F40: =IF(D40-C40>=0,D40-C40,0) -> 1 | G40: 1
A41: M & M CH | B41: 87 | C41: =+IFERROR(VLOOKUP($A41,RAIZ!$A$3:$X$1500,MATCH('Suc. Xalisco'!$F$1,RAIZ!$A$2:$X$2,0),FALSE),0) -> 1 | D41: 1 | F41: =IF(D41-C41>=0,D41-C41,0) -> 0
C42: =+IFERROR(VLOOKUP($A42,RAIZ!$A$3:$X$1500,MATCH('Suc. Xalisco'!$F$1,RAIZ!$A$2:$X$2,0),FALSE),0) -> 0 | F42: =IF(D42-C42>=0,D42-C42,0) -> 0
C43: =+IFERROR(VLOOKUP($A43,RAIZ!$A$3:$X$1500,MATCH('Suc. Xalisco'!$F$1,RAIZ!$A$2:$X$2,0),FALSE),0) -> 0 | F43: =IF(D43-C43>=0,D43-C43,0) -> 0
C44: =+IFERROR(VLOOKUP($A44,RAIZ!$A$3:$X$1500,MATCH('Suc. Xalisco'!$F$1,RAIZ!$A$2:$X$2,0),FALSE),0) -> 0 | F44: =IF(D44-C44>=0,D44-C44,0) -> 0
C45: =+IFERROR(VLOOKUP($A45,RAIZ!$A$3:$X$1500,MATCH('Suc. Xalisco'!$F$1,RAIZ!$A$2:$X$2,0),FALSE),0) -> 0 | F45: =IF(D45-C45>=0,D45-C45,0) -> 0
C46: =+IFERROR(VLOOKUP($A46,RAIZ!$A$3:$X$1500,MATCH('Suc. Xalisco'!$F$1,RAIZ!$A$2:$X$2,0),FALSE),0) -> 0 | F46: =IF(D46-C46>=0,D46-C46,0) -> 0
C47: =+IFERROR(VLOOKUP($A47,RAIZ!$A$3:$X$1500,MATCH('Suc. Xalisco'!$F$1,RAIZ!$A$2:$X$2,0),FALSE),0) -> 0 | F47: =IF(D47-C47>=0,D47-C47,0) -> 0
C48: =+IFERROR(VLOOKUP($A48,RAIZ!$A$3:$X$1500,MATCH('Suc. Xalisco'!$F$1,RAIZ!$A$2:$X$2,0),FALSE),0) -> 0 | F48: =IF(D48-C48>=0,D48-C48,0) -> 0
A49: 3 LECHES CHICOS | C49: =SUM(C33:C48) -> 15 | D49: =SUM(D33:D48) -> 18 | E49: =SUM(E33:E48) -> 0 | F49: =SUM(F33:F48) -> 3 | G49: =SUM(G33:G48) -> 3
A50: MINI MEDIANO PIÑERO | B50: 58 | C50: =+IFERROR(VLOOKUP($A50,RAIZ!$A$3:$X$1500,MATCH('Suc. Xalisco'!$F$1,RAIZ!$A$2:$X$2,0),FALSE),0) -> 3 | D50: 3 | F50: =IF(D50-C50>=0,D50-C50,0) -> 0
A51: MINI MEDIANO CHOCOLATE | B51: 60 | C51: =+IFERROR(VLOOKUP($A51,RAIZ!$A$3:$X$1500,MATCH('Suc. Xalisco'!$F$1,RAIZ!$A$2:$X$2,0),FALSE),0) -> 3 | D51: 3 | F51: =IF(D51-C51>=0,D51-C51,0) -> 0 | G51: 0
A52: MINI MEDIANOS 3 LECHES | C52: =SUM(C50:C51) -> 6 | D52: =SUM(D50:D51) -> 6 | E52: =SUM(E50:E51) -> 0 | F52: =SUM(F50:F51) -> 0 | G52: =SUM(G50:G51) -> 0
A53: MINI PASTELITO PIÑERO | B53: 59 | C53: =+IFERROR(VLOOKUP($A53,RAIZ!$A$3:$X$1500,MATCH('Suc. Xalisco'!$F$1,RAIZ!$A$2:$X$2,0),FALSE),0) -> 2 | D53: 3 | F53: =IF(D53-C53>=0,D53-C53,0) -> 1 | G53: 1
A54: MINI PASTELITO CHOCOLATE | B54: 61 | C54: =+IFERROR(VLOOKUP($A54,RAIZ!$A$3:$X$1500,MATCH('Suc. Xalisco'!$F$1,RAIZ!$A$2:$X$2,0),FALSE),0) -> 0 | D54: 3 | F54: =IF(D54-C54>=0,D54-C54,0) -> 3 | G54: 3
A55: MINI MINI 3 LECHES | C55: =SUM(C53:C54) -> 2 | D55: =SUM(D53:D54) -> 6 | E55: =SUM(E53:E54) -> 0 | F55: =SUM(F53:F54) -> 4 | G55: =SUM(G53:G54) -> 4
A56: 3 LECHES QUESO GDE | B56: 30 | C56: =+IFERROR(VLOOKUP($A56,RAIZ!$A$3:$X$1500,MATCH('Suc. Xalisco'!$F$1,RAIZ!$A$2:$X$2,0),FALSE),0) -> 1 | D56: 1 | F56: =IF(D56-C56>=0,D56-C56,0) -> 0
A57: 3 LECHES QUESO CH | B57: 30CH | C57: =+IFERROR(VLOOKUP($A57,RAIZ!$A$3:$X$1500,MATCH('Suc. Xalisco'!$F$1,RAIZ!$A$2:$X$2,0),FALSE),0) -> 0 | D57: 1 | F57: =IF(D57-C57>=0,D57-C57,0) -> 1 | G57: 1
A58: SELVA NEGRA CH | B58: 31CH | C58: =+IFERROR(VLOOKUP($A58,RAIZ!$A$3:$X$1500,MATCH('Suc. Xalisco'!$F$1,RAIZ!$A$2:$X$2,0),FALSE),0) -> 0 | D58: 0 | F58: =IF(D58-C58>=0,D58-C58,0) -> 0
A59: CHOCOQUESO | B59: 32 | C59: =+IFERROR(VLOOKUP($A59,RAIZ!$A$3:$X$1500,MATCH('Suc. Xalisco'!$F$1,RAIZ!$A$2:$X$2,0),FALSE),0) -> 0 | D59: 0 | F59: =IF(D59-C59>=0,D59-C59,0) -> 0
A60: CHOCOQUESO CH | B60: 32CH | C60: =+IFERROR(VLOOKUP($A60,RAIZ!$A$3:$X$1500,MATCH('Suc. Xalisco'!$F$1,RAIZ!$A$2:$X$2,0),FALSE),0) -> 1 | D60: 1 | F60: =IF(D60-C60>=0,D60-C60,0) -> 0
A61: RED VELVET CHEESE CAKE GDE | B61: N01 | C61: =+IFERROR(VLOOKUP($A61,RAIZ!$A$3:$X$1500,MATCH('Suc. Xalisco'!$F$1,RAIZ!$A$2:$X$2,0),FALSE),0) -> 0 | D61: 0 | F61: =IF(D61-C61>=0,D61-C61,0) -> 0
A62: RED VELVET CHEESE CAKE MINI MEDIANO | B62: N02 | C62: =+IFERROR(VLOOKUP($A62,RAIZ!$A$3:$X$1500,MATCH('Suc. Xalisco'!$F$1,RAIZ!$A$2:$X$2,0),FALSE),0) -> 0 | D62: 0 | F62: =IF(D62-C62>=0,D62-C62,0) -> 0
A63: CHESSECAKE GDE | B63: 37 | C63: =+IFERROR(VLOOKUP($A63,RAIZ!$A$3:$X$1500,MATCH('Suc. Xalisco'!$F$1,RAIZ!$A$2:$X$2,0),FALSE),0) -> 0 | D63: 1 | F63: =IF(D63-C63>=0,D63-C63,0) -> 1 | G63: 1
A64: CHESSECAKE MINIMED | B64: 62 | C64: =+IFERROR(VLOOKUP($A64,RAIZ!$A$3:$X$1500,MATCH('Suc. Xalisco'!$F$1,RAIZ!$A$2:$X$2,0),FALSE),0) -> 1 | D64: 1 | F64: =IF(D64-C64>=0,D64-C64,0) -> 0
A65: CHESSECAKE PETIT | B65: 63 | C65: =+IFERROR(VLOOKUP($A65,RAIZ!$A$3:$X$1500,MATCH('Suc. Xalisco'!$F$1,RAIZ!$A$2:$X$2,0),FALSE),0) -> 2 | D65: 3 | F65: =IF(D65-C65>=0,D65-C65,0) -> 1 | G65: 1
A66: ZANAHORIA GDE | B66: 15 | C66: =+IFERROR(VLOOKUP($A66,RAIZ!$A$3:$X$1500,MATCH('Suc. Xalisco'!$F$1,RAIZ!$A$2:$X$2,0),FALSE),0) -> 1 | D66: 1 | F66: =IF(D66-C66>=0,D66-C66,0) -> 0
A67: ZANAHORIA CH | B67: 29 | C67: =+IFERROR(VLOOKUP($A67,RAIZ!$A$3:$X$1500,MATCH('Suc. Xalisco'!$F$1,RAIZ!$A$2:$X$2,0),FALSE),0) -> 1 | D67: 1 | F67: =IF(D67-C67>=0,D67-C67,0) -> 0
A68: ZANAHORIA PETIT | B68: 67 | C68: =+IFERROR(VLOOKUP($A68,RAIZ!$A$3:$X$1500,MATCH('Suc. Xalisco'!$F$1,RAIZ!$A$2:$X$2,0),FALSE),0) -> 0 | D68: 0 | F68: =IF(D68-C68>=0,D68-C68,0) -> 0
A69: ROSCA C/CAJETA | B69: 78 | C69: =+IFERROR(VLOOKUP($A69,RAIZ!$A$3:$X$1500,MATCH('Suc. Xalisco'!$F$1,RAIZ!$A$2:$X$2,0),FALSE),0) -> 1 | D69: 1 | F69: =IF(D69-C69>=0,D69-C69,0) -> 0
A70: CAJITA DE TRES LECHES | B70: C3L | C70: =+IFERROR(VLOOKUP($A70,RAIZ!$A$3:$X$1500,MATCH('Suc. Xalisco'!$F$1,RAIZ!$A$2:$X$2,0),FALSE),0) -> 3 | D70: 3 | F70: =IF(D70-C70>=0,D70-C70,0) -> 0
A71: CHOCOFLAN MINI MEDIANO | B71: 64 | C71: =+IFERROR(VLOOKUP($A71,RAIZ!$A$3:$X$1500,MATCH('Suc. Xalisco'!$F$1,RAIZ!$A$2:$X$2,0),FALSE),0) -> 0 | D71: 1 | F71: =IF(D71-C71>=0,D71-C71,0) -> 1 | G71: 1
A72: MINI DELICIA KINDER | B72: 02MD | C72: =+IFERROR(VLOOKUP($A72,RAIZ!$A$3:$X$1500,MATCH('Suc. Xalisco'!$F$1,RAIZ!$A$2:$X$2,0),FALSE),0) -> 0 | D72: 0 | F72: =IF(D72-C72>=0,D72-C72,0) -> 0
C73: =+IFERROR(VLOOKUP($A73,RAIZ!$A$3:$X$1500,MATCH('Suc. Xalisco'!$F$1,RAIZ!$A$2:$X$2,0),FALSE),0) -> 0 | F73: =IF(D73-C73>=0,D73-C73,0) -> 0
C74: =+IFERROR(VLOOKUP($A74,RAIZ!$A$3:$X$1500,MATCH('Suc. Xalisco'!$F$1,RAIZ!$A$2:$X$2,0),FALSE),0) -> 0 | F74: =IF(D74-C74>=0,D74-C74,0) -> 0
C75: =+IFERROR(VLOOKUP($A75,RAIZ!$A$3:$X$1500,MATCH('Suc. Xalisco'!$F$1,RAIZ!$A$2:$X$2,0),FALSE),0) -> 0 | F75: =IF(D75-C75>=0,D75-C75,0) -> 0
C76: =+IFERROR(VLOOKUP($A76,RAIZ!$A$3:$X$1500,MATCH('Suc. Xalisco'!$F$1,RAIZ!$A$2:$X$2,0),FALSE),0) -> 0 | F76: =IF(D76-C76>=0,D76-C76,0) -> 0
C77: =+IFERROR(VLOOKUP($A77,RAIZ!$A$3:$X$1500,MATCH('Suc. Xalisco'!$F$1,RAIZ!$A$2:$X$2,0),FALSE),0) -> 0 | F77: =IF(D77-C77>=0,D77-C77,0) -> 0
A78: ESPECIALIDAD | C78: =SUM(C56:C77) -> 11 | D78: =SUM(D56:D77) -> 15 | E78: =SUM(E56:E77) -> 0 | F78: =SUM(F56:F77) -> 4 | G78: =SUM(G56:G77) -> 4
A79: Total Area | C79: =C18+C32+C49+C52+C55+C78 -> 55 | D79: =D18+D32+D49+D52+D55+D78 -> 79 | E79: =E18+E32+E49+E52+E55+E78 -> 0 | F79: =F18+F32+F49+F52+F55+F78 -> 24 | G79: =G18+G32+G49+G52+G55+G78 -> 23
A80: VAINILLAS
A81: VAINILLA MARMOLEADO | B81: 91 | C81: =+IFERROR(VLOOKUP($A81,RAIZ!$A$3:$X$1500,MATCH('Suc. Xalisco'!$F$1,RAIZ!$A$2:$X$2,0),FALSE),0) -> 1 | D81: 1 | F81: =IF(D81-C81>=0,D81-C81,0) -> 0
A82: VAINILLA NARANJA | B82: 92 | C82: =+IFERROR(VLOOKUP($A82,RAIZ!$A$3:$X$1500,MATCH('Suc. Xalisco'!$F$1,RAIZ!$A$2:$X$2,0),FALSE),0) -> 1 | D82: 1 | F82: =IF(D82-C82>=0,D82-C82,0) -> 0
A83: PLANCHA 1/4 | B83: 21N | C83: =+IFERROR(VLOOKUP($A83,RAIZ!$A$3:$X$1500,MATCH('Suc. Xalisco'!$F$1,RAIZ!$A$2:$X$2,0),FALSE),0) -> 1 | D83: 1 | F83: =IF(D83-C83>=0,D83-C83,0) -> 0
A84: PLANCHA DE VAINILLA | B84: 70 | C84: =+IFERROR(VLOOKUP($A84,RAIZ!$A$3:$X$1500,MATCH('Suc. Xalisco'!$F$1,RAIZ!$A$2:$X$2,0),FALSE),0) -> 1 | D84: 1 | F84: =IF(D84-C84>=0,D84-C84,0) -> 0
A85: VAINILLA NATURAL | B85: 74 | C85: =+IFERROR(VLOOKUP($A85,RAIZ!$A$3:$X$1500,MATCH('Suc. Xalisco'!$F$1,RAIZ!$A$2:$X$2,0),FALSE),0) -> 1 | D85: 1 | F85: =IF(D85-C85>=0,D85-C85,0) -> 0
A86: PETIT DECORADO | B86: 69 | C86: =+IFERROR(VLOOKUP($A86,RAIZ!$A$3:$X$1500,MATCH('Suc. Xalisco'!$F$1,RAIZ!$A$2:$X$2,0),FALSE),0) -> 2 | D86: 2 | F86: =IF(D86-C86>=0,D86-C86,0) -> 0
B87: 323 | C87: =+IFERROR(VLOOKUP($A87,RAIZ!$A$3:$X$1500,MATCH('Suc. Xalisco'!$F$1,RAIZ!$A$2:$X$2,0),FALSE),0) -> 0 | F87: =IF(D87-C87>=0,D87-C87,0) -> 0
B88: 216 | C88: =+IFERROR(VLOOKUP($A88,RAIZ!$A$3:$X$1500,MATCH('Suc. Xalisco'!$F$1,RAIZ!$A$2:$X$2,0),FALSE),0) -> 0 | F88: =IF(D88-C88>=0,D88-C88,0) -> 0
B89: 215 | C89: =+IFERROR(VLOOKUP($A89,RAIZ!$A$3:$X$1500,MATCH('Suc. Xalisco'!$F$1,RAIZ!$A$2:$X$2,0),FALSE),0) -> 0 | F89: =IF(D89-C89>=0,D89-C89,0) -> 0
B90: 321 | C90: =+IFERROR(VLOOKUP($A90,RAIZ!$A$3:$X$1500,MATCH('Suc. Xalisco'!$F$1,RAIZ!$A$2:$X$2,0),FALSE),0) -> 0 | F90: =IF(D90-C90>=0,D90-C90,0) -> 0
A91: Total Area | C91: =SUM(C81:C90) -> 7 | D91: =SUM(D81:D90) -> 7 | E91: =SUM(E81:E90) -> 0 | F91: =SUM(F81:F90) -> 0 | G91: =SUM(G81:G90) -> 0
A92: GELATINAS
A93: GELATINA FRESA GDE | B93: 40 | C93: =+IFERROR(VLOOKUP($A93,RAIZ!$A$3:$X$1500,MATCH('Suc. Xalisco'!$F$1,RAIZ!$A$2:$X$2,0),FALSE),0) -> 2 | D93: 2 | F93: =IF(D93-C93>=0,D93-C93,0) -> 0
A94: GELATINA MOSAICO GDE | B94: 44 | C94: =+IFERROR(VLOOKUP($A94,RAIZ!$A$3:$X$1500,MATCH('Suc. Xalisco'!$F$1,RAIZ!$A$2:$X$2,0),FALSE),0) -> 0 | D94: 1 | F94: =IF(D94-C94>=0,D94-C94,0) -> 1 | G94: 1
A95: GELATINA MOSAICO CH | B95: 45 | C95: =+IFERROR(VLOOKUP($A95,RAIZ!$A$3:$X$1500,MATCH('Suc. Xalisco'!$F$1,RAIZ!$A$2:$X$2,0),FALSE),0) -> 0 | D95: 2 | F95: =IF(D95-C95>=0,D95-C95,0) -> 2 | G95: 2
A96: GELATINA IND FRESA | B96: 48 | C96: =+IFERROR(VLOOKUP($A96,RAIZ!$A$3:$X$1500,MATCH('Suc. Xalisco'!$F$1,RAIZ!$A$2:$X$2,0),FALSE),0) -> 3 | D96: 4 | F96: =IF(D96-C96>=0,D96-C96,0) -> 1 | G96: 1
A97: GELATINA IND MOSAICO | B97: 49 | C97: =+IFERROR(VLOOKUP($A97,RAIZ!$A$3:$X$1500,MATCH('Suc. Xalisco'!$F$1,RAIZ!$A$2:$X$2,0),FALSE),0) -> 1 | D97: 2 | F97: =IF(D97-C97>=0,D97-C97,0) -> 1 | G97: 1
A98: GELATINA PROMO $90 | B98: 10B | C98: =+IFERROR(VLOOKUP($A98,RAIZ!$A$3:$X$1500,MATCH('Suc. Xalisco'!$F$1,RAIZ!$A$2:$X$2,0),FALSE),0) -> 5 | D98: 2 | E98: 5 | F98: =IF(D98-C98>=0,D98-C98,0) -> 0
A99: GELATINA FRESA $150 | B99: 01GE | C99: =+IFERROR(VLOOKUP($A99,RAIZ!$A$3:$X$1500,MATCH('Suc. Xalisco'!$F$1,RAIZ!$A$2:$X$2,0),FALSE),0) -> 2 | D99: 2 | F99: =IF(D99-C99>=0,D99-C99,0) -> 0
A100: Gelatina de promocion semana santa | B100: 211 | C100: =+IFERROR(VLOOKUP($A100,RAIZ!$A$3:$X$1500,MATCH('Suc. Xalisco'!$F$1,RAIZ!$A$2:$X$2,0),FALSE),0) -> 16 | D100: 30 | F100: =IF(D100-C100>=0,D100-C100,0) -> 14 | G100: 14
...

Sheet Suc. Dos de Agosto
A1: =RAIZ!B1 -> 46301 | D1: SUCURSAL | F1: Suc. Dos de Agosto | H1: [ Suc. Dos de Agosto - Cantidad ]
A2: PRODUCTO | B2: CODIGO | C2: EXISTENCIA EN SUCURSAL | D2: STOCK DETERMINADO | E2: PROMEDIO DE DISTRIBUCIÓN | F2: PRODUCTO A COMPLETAR | G2: A SURTIR TICKET | H2: MARTES
A3: PIÑA GDE | B3: 02 | C3: =+IFERROR(VLOOKUP($A3,RAIZ!$A$3:$X$1500,MATCH('Suc. Dos de Agosto'!$F$1,RAIZ!$A$2:$X$2,0),FALSE),0) -> 1 | D3: 1 | F3: =IF(D3-C3>=0,D3-C3,0) -> 0
A4: DURAZNO GDE | B4: 04 | C4: =+IFERROR(VLOOKUP($A4,RAIZ!$A$3:$X$1500,MATCH('Suc. Dos de Agosto'!$F$1,RAIZ!$A$2:$X$2,0),FALSE),0) -> 2 | D4: 2 | F4: =IF(D4-C4>=0,D4-C4,0) -> 0
A5: 3 LECHES GDE | B5: 06 | C5: =+IFERROR(VLOOKUP($A5,RAIZ!$A$3:$X$1500,MATCH('Suc. Dos de Agosto'!$F$1,RAIZ!$A$2:$X$2,0),FALSE),0) -> 1 | D5: 1 | F5: =IF(D5-C5>=0,D5-C5,0) -> 0
A6: FRUTAS GDE | B6: 03 | C6: =+IFERROR(VLOOKUP($A6,RAIZ!$A$3:$X$1500,MATCH('Suc. Dos de Agosto'!$F$1,RAIZ!$A$2:$X$2,0),FALSE),0) -> 2 | D6: 2 | F6: =IF(D6-C6>=0,D6-C6,0) -> 0
A7: DUO DURAZNO GDE | B7: 13 | C7: =+IFERROR(VLOOKUP($A7,RAIZ!$A$3:$X$1500,MATCH('Suc. Dos de Agosto'!$F$1,RAIZ!$A$2:$X$2,0),FALSE),0) -> 1 | D7: 1 | F7: =IF(D7-C7>=0,D7-C7,0) -> 0
A8: MOKA GDE | B8: 01 | C8: =+IFERROR(VLOOKUP($A8,RAIZ!$A$3:$X$1500,MATCH('Suc. Dos de Agosto'!$F$1,RAIZ!$A$2:$X$2,0),FALSE),0) -> 2 | D8: 2 | F8: =IF(D8-C8>=0,D8-C8,0) -> 0
A9: NUTELA GDE | B9: 09 | C9: =+IFERROR(VLOOKUP($A9,RAIZ!$A$3:$X$1500,MATCH('Suc. Dos de Agosto'!$F$1,RAIZ!$A$2:$X$2,0),FALSE),0) -> 0 | D9: 2 | F9: =IF(D9-C9>=0,D9-C9,0) -> 2 | G9: 2
A10: CHOCOLATE GDE | B10: 07 | C10: =+IFERROR(VLOOKUP($A10,RAIZ!$A$3:$X$1500,MATCH('Suc. Dos de Agosto'!$F$1,RAIZ!$A$2:$X$2,0),FALSE),0) -> 1 | D10: 1 | F10: =IF(D10-C10>=0,D10-C10,0) -> 0
A11: M & M GDE | B11: 36 | C11: =+IFERROR(VLOOKUP($A11,RAIZ!$A$3:$X$1500,MATCH('Suc. Dos de Agosto'!$F$1,RAIZ!$A$2:$X$2,0),FALSE),0) -> 0 | D11: 2 | F11: =IF(D11-C11>=0,D11-C11,0) -> 2 | G11: 2
C12: =+IFERROR(VLOOKUP($A12,RAIZ!$A$3:$X$1500,MATCH('Suc. Dos de Agosto'!$F$1,RAIZ!$A$2:$X$2,0),FALSE),0) -> 0 | F12: =IF(D12-C12>=0,D12-C12,0) -> 0
C13: =+IFERROR(VLOOKUP($A13,RAIZ!$A$3:$X$1500,MATCH('Suc. Dos de Agosto'!$F$1,RAIZ!$A$2:$X$2,0),FALSE),0) -> 0 | F13: =IF(D13-C13>=0,D13-C13,0) -> 0
C14: =+IFERROR(VLOOKUP($A14,RAIZ!$A$3:$X$1500,MATCH('Suc. Dos de Agosto'!$F$1,RAIZ!$A$2:$X$2,0),FALSE),0) -> 0 | F14: =IF(D14-C14>=0,D14-C14,0) -> 0
C15: =+IFERROR(VLOOKUP($A15,RAIZ!$A$3:$X$1500,MATCH('Suc. Dos de Agosto'!$F$1,RAIZ!$A$2:$X$2,0),FALSE),0) -> 0 | F15: =IF(D15-C15>=0,D15-C15,0) -> 0
C16: =+IFERROR(VLOOKUP($A16,RAIZ!$A$3:$X$1500,MATCH('Suc. Dos de Agosto'!$F$1,RAIZ!$A$2:$X$2,0),FALSE),0) -> 0 | F16: =IF(D16-C16>=0,D16-C16,0) -> 0
C17: =+IFERROR(VLOOKUP($A17,RAIZ!$A$3:$X$1500,MATCH('Suc. Dos de Agosto'!$F$1,RAIZ!$A$2:$X$2,0),FALSE),0) -> 0 | F17: =IF(D17-C17>=0,D17-C17,0) -> 0
A18: 3 LECHES GRANDES | C18: =SUM(C3:C17) -> 10 | D18: =SUM(D3:D17) -> 14 | E18: =SUM(E3:E17) -> 0 | F18: =SUM(F3:F17) -> 4 | G18: =SUM(G3:G17) -> 4
A19: TRES LECHES MEDIANO | B19: 04M | C19: =+IFERROR(VLOOKUP($A19,RAIZ!$A$3:$X$1500,MATCH('Suc. Dos de Agosto'!$F$1,RAIZ!$A$2:$X$2,0),FALSE),0) -> 1 | D19: 1 | F19: =IF(D19-C19>=0,D19-C19,0) -> 0
A20: FRUTAS MED | B20: 23N | C20: =+IFERROR(VLOOKUP($A20,RAIZ!$A$3:$X$1500,MATCH('Suc. Dos de Agosto'!$F$1,RAIZ!$A$2:$X$2,0),FALSE),0) -> 3 | D20: 3 | F20: =IF(D20-C20>=0,D20-C20,0) -> 0
A21: DUO DURAZNO MEDIANO | B21: 06M | C21: =+IFERROR(VLOOKUP($A21,RAIZ!$A$3:$X$1500,MATCH('Suc. Dos de Agosto'!$F$1,RAIZ!$A$2:$X$2,0),FALSE),0) -> 1 | D21: 2 | F21: =IF(D21-C21>=0,D21-C21,0) -> 1 | G21: 1
A22: PIÑA MED | B22: 08M | C22: =+IFERROR(VLOOKUP($A22,RAIZ!$A$3:$X$1500,MATCH('Suc. Dos de Agosto'!$F$1,RAIZ!$A$2:$X$2,0),FALSE),0) -> 1 | D22: 1 | F22: =IF(D22-C22>=0,D22-C22,0) -> 0
A23: CHOCOLATE MED | B23: 24N | C23: =+IFERROR(VLOOKUP($A23,RAIZ!$A$3:$X$1500,MATCH('Suc. Dos de Agosto'!$F$1,RAIZ!$A$2:$X$2,0),FALSE),0) -> 2 | D23: 2 | F23: =IF(D23-C23>=0,D23-C23,0) -> 0
A24: M & M MEDIANO | B24: 07M | C24: =+IFERROR(VLOOKUP($A24,RAIZ!$A$3:$X$1500,MATCH('Suc. Dos de Agosto'!$F$1,RAIZ!$A$2:$X$2,0),FALSE),0) -> 0 | D24: 2 | F24: =IF(D24-C24>=0,D24-C24,0) -> 2
A25: MOKA MEDIANO | B25: 01M | C25: =+IFERROR(VLOOKUP($A25,RAIZ!$A$3:$X$1500,MATCH('Suc. Dos de Agosto'!$F$1,RAIZ!$A$2:$X$2,0),FALSE),0) -> 0 | D25: 2 | F25: =IF(D25-C25>=0,D25-C25,0) -> 2 | G25: 2
C26: =+IFERROR(VLOOKUP($A26,RAIZ!$A$3:$X$1500,MATCH('Suc. Dos de Agosto'!$F$1,RAIZ!$A$2:$X$2,0),FALSE),0) -> 0 | F26: =IF(D26-C26>=0,D26-C26,0) -> 0
C27: =+IFERROR(VLOOKUP($A27,RAIZ!$A$3:$X$1500,MATCH('Suc. Dos de Agosto'!$F$1,RAIZ!$A$2:$X$2,0),FALSE),0) -> 0 | F27: =IF(D27-C27>=0,D27-C27,0) -> 0
C28: =+IFERROR(VLOOKUP($A28,RAIZ!$A$3:$X$1500,MATCH('Suc. Dos de Agosto'!$F$1,RAIZ!$A$2:$X$2,0),FALSE),0) -> 0 | F28: =IF(D28-C28>=0,D28-C28,0) -> 0
C29: =+IFERROR(VLOOKUP($A29,RAIZ!$A$3:$X$1500,MATCH('Suc. Dos de Agosto'!$F$1,RAIZ!$A$2:$X$2,0),FALSE),0) -> 0 | F29: =IF(D29-C29>=0,D29-C29,0) -> 0
C30: =+IFERROR(VLOOKUP($A30,RAIZ!$A$3:$X$1500,MATCH('Suc. Dos de Agosto'!$F$1,RAIZ!$A$2:$X$2,0),FALSE),0) -> 0 | F30: =IF(D30-C30>=0,D30-C30,0) -> 0
C31: =+IFERROR(VLOOKUP($A31,RAIZ!$A$3:$X$1500,MATCH('Suc. Dos de Agosto'!$F$1,RAIZ!$A$2:$X$2,0),FALSE),0) -> 0 | F31: =IF(D31-C31>=0,D31-C31,0) -> 0
A32: 3 LECHES MEDIANOS | C32: =SUM(C19:C31) -> 8 | D32: =SUM(D19:D31) -> 13 | E32: =SUM(E19:E31) -> 0 | F32: =SUM(F19:F31) -> 5 | G32: =SUM(G19:G31) -> 3
A33: PIÑA CH | B33: 16 | C33: =+IFERROR(VLOOKUP($A33,RAIZ!$A$3:$X$1500,MATCH('Suc. Dos de Agosto'!$F$1,RAIZ!$A$2:$X$2,0),FALSE),0) -> 1 | D33: 2 | F33: =IF(D33-C33>=0,D33-C33,0) -> 1 | G33: 1
A34: DURAZNO CH | B34: 17 | C34: =+IFERROR(VLOOKUP($A34,RAIZ!$A$3:$X$1500,MATCH('Suc. Dos de Agosto'!$F$1,RAIZ!$A$2:$X$2,0),FALSE),0) -> 2 | D34: 2 | F34: =IF(D34-C34>=0,D34-C34,0) -> 0
A35: FRESA CH | B35: 18 | C35: =+IFERROR(VLOOKUP($A35,RAIZ!$A$3:$X$1500,MATCH('Suc. Dos de Agosto'!$F$1,RAIZ!$A$2:$X$2,0),FALSE),0) -> 1 | D35: 1 | F35: =IF(D35-C35>=0,D35-C35,0) -> 0
A36: 3 LECHES CH | B36: 19 | C36: =+IFERROR(VLOOKUP($A36,RAIZ!$A$3:$X$1500,MATCH('Suc. Dos de Agosto'!$F$1,RAIZ!$A$2:$X$2,0),FALSE),0) -> 0 | D36: 1 | F36: =IF(D36-C36>=0,D36-C36,0) -> 1 | G36: 1
A37: FRUTAS CH | B37: 20 | C37: =+IFERROR(VLOOKUP($A37,RAIZ!$A$3:$X$1500,MATCH('Suc. Dos de Agosto'!$F$1,RAIZ!$A$2:$X$2,0),FALSE),0) -> 2 | D37: 2 | F37: =IF(D37-C37>=0,D37-C37,0) -> 0
A38: MOKA CH | B38: 23 | C38: =+IFERROR(VLOOKUP($A38,RAIZ!$A$3:$X$1500,MATCH('Suc. Dos de Agosto'!$F$1,RAIZ!$A$2:$X$2,0),FALSE),0) -> 1 | D38: 3 | F38: =IF(D38-C38>=0,D38-C38,0) -> 2 | G38: 2
A39: NUTELA CH | B39: 28 | C39: =+IFERROR(VLOOKUP($A39,RAIZ!$A$3:$X$1500,MATCH('Suc. Dos de Agosto'!$F$1,RAIZ!$A$2:$X$2,0),FALSE),0) -> 1 | D39: 2 | F39: =IF(D39-C39>=0,D39-C39,0) -> 1 | G39: 1
A40: CHOCOLATE CH | B40: 25 | C40: =+IFERROR(VLOOKUP($A40,RAIZ!$A$3:$X$1500,MATCH('Suc. Dos de Agosto'!$F$1,RAIZ!$A$2:$X$2,0),FALSE),0) -> 2 | D40: 2 | F40: =IF(D40-C40>=0,D40-C40,0) -> 0
A41: M & M CH | B41: 87 | C41: =+IFERROR(VLOOKUP($A41,RAIZ!$A$3:$X$1500,MATCH('Suc. Dos de Agosto'!$F$1,RAIZ!$A$2:$X$2,0),FALSE),0) -> 1 | D41: 2 | F41: =IF(D41-C41>=0,D41-C41,0) -> 1 | G41: 1
C42: =+IFERROR(VLOOKUP($A42,RAIZ!$A$3:$X$1500,MATCH('Suc. Dos de Agosto'!$F$1,RAIZ!$A$2:$X$2,0),FALSE),0) -> 0 | F42: =IF(D42-C42>=0,D42-C42,0) -> 0
C43: =+IFERROR(VLOOKUP($A43,RAIZ!$A$3:$X$1500,MATCH('Suc. Dos de Agosto'!$F$1,RAIZ!$A$2:$X$2,0),FALSE),0) -> 0 | F43: =IF(D43-C43>=0,D43-C43,0) -> 0
C44: =+IFERROR(VLOOKUP($A44,RAIZ!$A$3:$X$1500,MATCH('Suc. Dos de Agosto'!$F$1,RAIZ!$A$2:$X$2,0),FALSE),0) -> 0 | F44: =IF(D44-C44>=0,D44-C44,0) -> 0
C45: =+IFERROR(VLOOKUP($A45,RAIZ!$A$3:$X$1500,MATCH('Suc. Dos de Agosto'!$F$1,RAIZ!$A$2:$X$2,0),FALSE),0) -> 0 | F45: =IF(D45-C45>=0,D45-C45,0) -> 0
C46: =+IFERROR(VLOOKUP($A46,RAIZ!$A$3:$X$1500,MATCH('Suc. Dos de Agosto'!$F$1,RAIZ!$A$2:$X$2,0),FALSE),0) -> 0 | F46: =IF(D46-C46>=0,D46-C46,0) -> 0
C47: =+IFERROR(VLOOKUP($A47,RAIZ!$A$3:$X$1500,MATCH('Suc. Dos de Agosto'!$F$1,RAIZ!$A$2:$X$2,0),FALSE),0) -> 0 | F47: =IF(D47-C47>=0,D47-C47,0) -> 0
C48: =+IFERROR(VLOOKUP($A48,RAIZ!$A$3:$X$1500,MATCH('Suc. Dos de Agosto'!$F$1,RAIZ!$A$2:$X$2,0),FALSE),0) -> 0 | F48: =IF(D48-C48>=0,D48-C48,0) -> 0
A49: 3 LECHES CHICOS | C49: =SUM(C33:C48) -> 11 | D49: =SUM(D33:D48) -> 17 | E49: =SUM(E33:E48) -> 0 | F49: =SUM(F33:F48) -> 6 | G49: =SUM(G33:G48) -> 6
A50: MINI MEDIANO PIÑERO | B50: 58 | C50: =+IFERROR(VLOOKUP($A50,RAIZ!$A$3:$X$1500,MATCH('Suc. Dos de Agosto'!$F$1,RAIZ!$A$2:$X$2,0),FALSE),0) -> 4 | D50: 6 | F50: =IF(D50-C50>=0,D50-C50,0) -> 2 | G50: 2
A51: MINI MEDIANO CHOCOLATE | B51: 60 | C51: =+IFERROR(VLOOKUP($A51,RAIZ!$A$3:$X$1500,MATCH('Suc. Dos de Agosto'!$F$1,RAIZ!$A$2:$X$2,0),FALSE),0) -> 3 | D51: 6 | F51: =IF(D51-C51>=0,D51-C51,0) -> 3 | G51: 3
A52: MINI MEDIANOS 3 LECHES | C52: =SUM(C50:C51) -> 7 | D52: =SUM(D50:D51) -> 12 | E52: =SUM(E50:E51) -> 0 | F52: =SUM(F50:F51) -> 5 | G52: =SUM(G50:G51) -> 5
A53: MINI PASTELITO PIÑERO | B53: 59 | C53: =+IFERROR(VLOOKUP($A53,RAIZ!$A$3:$X$1500,MATCH('Suc. Dos de Agosto'!$F$1,RAIZ!$A$2:$X$2,0),FALSE),0) -> 8 | D53: 8 | F53: =IF(D53-C53>=0,D53-C53,0) -> 0
A54: MINI PASTELITO CHOCOLATE | B54: 61 | C54: =+IFERROR(VLOOKUP($A54,RAIZ!$A$3:$X$1500,MATCH('Suc. Dos de Agosto'!$F$1,RAIZ!$A$2:$X$2,0),FALSE),0) -> 4 | D54: 8 | F54: =IF(D54-C54>=0,D54-C54,0) -> 4 | G54: 4
A55: MINI MINI 3 LECHES | C55: =SUM(C53:C54) -> 12 | D55: =SUM(D53:D54) -> 16 | E55: =SUM(E53:E54) -> 0 | F55: =SUM(F53:F54) -> 4 | G55: =SUM(G53:G54) -> 4
A56: 3 LECHES QUESO GDE | B56: 30 | C56: =+IFERROR(VLOOKUP($A56,RAIZ!$A$3:$X$1500,MATCH('Suc. Dos de Agosto'!$F$1,RAIZ!$A$2:$X$2,0),FALSE),0) -> 1 | D56: 1 | F56: =IF(D56-C56>=0,D56-C56,0) -> 0
A57: 3 LECHES QUESO CH | B57: 30CH | C57: =+IFERROR(VLOOKUP($A57,RAIZ!$A$3:$X$1500,MATCH('Suc. Dos de Agosto'!$F$1,RAIZ!$A$2:$X$2,0),FALSE),0) -> 1 | D57: 1 | F57: =IF(D57-C57>=0,D57-C57,0) -> 0
A58: SELVA NEGRA CH | B58: 31CH | C58: =+IFERROR(VLOOKUP($A58,RAIZ!$A$3:$X$1500,MATCH('Suc. Dos de Agosto'!$F$1,RAIZ!$A$2:$X$2,0),FALSE),0) -> 1 | D58: 1 | F58: =IF(D58-C58>=0,D58-C58,0) -> 0
A59: CHOCOQUESO | B59: 32 | C59: =+IFERROR(VLOOKUP($A59,RAIZ!$A$3:$X$1500,MATCH('Suc. Dos de Agosto'!$F$1,RAIZ!$A$2:$X$2,0),FALSE),0) -> 1 | D59: 1 | F59: =IF(D59-C59>=0,D59-C59,0) -> 0
A60: CHOCOQUESO CH | B60: 32CH | C60: =+IFERROR(VLOOKUP($A60,RAIZ!$A$3:$X$1500,MATCH('Suc. Dos de Agosto'!$F$1,RAIZ!$A$2:$X$2,0),FALSE),0) -> 0 | D60: 1 | F60: =IF(D60-C60>=0,D60-C60,0) -> 1
A61: RED VELVET CHEESE CAKE GDE | B61: N01 | C61: =+IFERROR(VLOOKUP($A61,RAIZ!$A$3:$X$1500,MATCH('Suc. Dos de Agosto'!$F$1,RAIZ!$A$2:$X$2,0),FALSE),0) -> 1 | D61: 1 | F61: =IF(D61-C61>=0,D61-C61,0) -> 0
A62: RED VELVET CHEESE CAKE MINI MEDIANO | B62: N02 | C62: =+IFERROR(VLOOKUP($A62,RAIZ!$A$3:$X$1500,MATCH('Suc. Dos de Agosto'!$F$1,RAIZ!$A$2:$X$2,0),FALSE),0) -> 1 | D62: 1 | F62: =IF(D62-C62>=0,D62-C62,0) -> 0
A63: CHESSECAKE GDE | B63: 37 | C63: =+IFERROR(VLOOKUP($A63,RAIZ!$A$3:$X$1500,MATCH('Suc. Dos de Agosto'!$F$1,RAIZ!$A$2:$X$2,0),FALSE),0) -> 1 | D63: 1 | F63: =IF(D63-C63>=0,D63-C63,0) -> 0
A64: CHESSECAKE MINIMED | B64: 62 | C64: =+IFERROR(VLOOKUP($A64,RAIZ!$A$3:$X$1500,MATCH('Suc. Dos de Agosto'!$F$1,RAIZ!$A$2:$X$2,0),FALSE),0) -> 0 | D64: 1 | F64: =IF(D64-C64>=0,D64-C64,0) -> 1 | G64: 1
A65: CHESSECAKE PETIT | B65: 63 | C65: =+IFERROR(VLOOKUP($A65,RAIZ!$A$3:$X$1500,MATCH('Suc. Dos de Agosto'!$F$1,RAIZ!$A$2:$X$2,0),FALSE),0) -> 2 | D65: 2 | F65: =IF(D65-C65>=0,D65-C65,0) -> 0
A66: ZANAHORIA GDE | B66: 15 | C66: =+IFERROR(VLOOKUP($A66,RAIZ!$A$3:$X$1500,MATCH('Suc. Dos de Agosto'!$F$1,RAIZ!$A$2:$X$2,0),FALSE),0) -> 1 | D66: 1 | F66: =IF(D66-C66>=0,D66-C66,0) -> 0
A67: ZANAHORIA CH | B67: 29 | C67: =+IFERROR(VLOOKUP($A67,RAIZ!$A$3:$X$1500,MATCH('Suc. Dos de Agosto'!$F$1,RAIZ!$A$2:$X$2,0),FALSE),0) -> 1 | D67: 1 | F67: =IF(D67-C67>=0,D67-C67,0) -> 0
A68: ZANAHORIA PETIT | B68: 67 | C68: =+IFERROR(VLOOKUP($A68,RAIZ!$A$3:$X$1500,MATCH('Suc. Dos de Agosto'!$F$1,RAIZ!$A$2:$X$2,0),FALSE),0) -> 1 | D68: 1 | F68: =IF(D68-C68>=0,D68-C68,0) -> 0
A69: ROSCA C/CAJETA | B69: 78 | C69: =+IFERROR(VLOOKUP($A69,RAIZ!$A$3:$X$1500,MATCH('Suc. Dos de Agosto'!$F$1,RAIZ!$A$2:$X$2,0),FALSE),0) -> 1 | D69: 1 | F69: =IF(D69-C69>=0,D69-C69,0) -> 0
A70: CAJITA DE TRES LECHES | B70: C3L | C70: =+IFERROR(VLOOKUP($A70,RAIZ!$A$3:$X$1500,MATCH('Suc. Dos de Agosto'!$F$1,RAIZ!$A$2:$X$2,0),FALSE),0) -> 2 | D70: 3 | F70: =IF(D70-C70>=0,D70-C70,0) -> 1 | G70: 1
A71: CHOCOFLAN MINI MEDIANO | B71: 64 | C71: =+IFERROR(VLOOKUP($A71,RAIZ!$A$3:$X$1500,MATCH('Suc. Dos de Agosto'!$F$1,RAIZ!$A$2:$X$2,0),FALSE),0) -> 1 | D71: 1 | F71: =IF(D71-C71>=0,D71-C71,0) -> 0
A72: MINI DELICIA KINDER | B72: 02MD | C72: =+IFERROR(VLOOKUP($A72,RAIZ!$A$3:$X$1500,MATCH('Suc. Dos de Agosto'!$F$1,RAIZ!$A$2:$X$2,0),FALSE),0) -> 0 | D72: 0 | F72: =IF(D72-C72>=0,D72-C72,0) -> 0
C73: =+IFERROR(VLOOKUP($A73,RAIZ!$A$3:$X$1500,MATCH('Suc. Dos de Agosto'!$F$1,RAIZ!$A$2:$X$2,0),FALSE),0) -> 0 | F73: =IF(D73-C73>=0,D73-C73,0) -> 0
C74: =+IFERROR(VLOOKUP($A74,RAIZ!$A$3:$X$1500,MATCH('Suc. Dos de Agosto'!$F$1,RAIZ!$A$2:$X$2,0),FALSE),0) -> 0 | F74: =IF(D74-C74>=0,D74-C74,0) -> 0
C75: =+IFERROR(VLOOKUP($A75,RAIZ!$A$3:$X$1500,MATCH('Suc. Dos de Agosto'!$F$1,RAIZ!$A$2:$X$2,0),FALSE),0) -> 0 | F75: =IF(D75-C75>=0,D75-C75,0) -> 0
C76: =+IFERROR(VLOOKUP($A76,RAIZ!$A$3:$X$1500,MATCH('Suc. Dos de Agosto'!$F$1,RAIZ!$A$2:$X$2,0),FALSE),0) -> 0 | F76: =IF(D76-C76>=0,D76-C76,0) -> 0
C77: =+IFERROR(VLOOKUP($A77,RAIZ!$A$3:$X$1500,MATCH('Suc. Dos de Agosto'!$F$1,RAIZ!$A$2:$X$2,0),FALSE),0) -> 0 | F77: =IF(D77-C77>=0,D77-C77,0) -> 0
A78: ESPECIALIDAD | C78: =SUM(C56:C77) -> 16 | D78: =SUM(D56:D77) -> 19 | E78: =SUM(E56:E77) -> 0 | F78: =SUM(F56:F77) -> 3 | G78: =SUM(G56:G77) -> 2
A79: Total Area | C79: =C18+C32+C49+C52+C55+C78 -> 64 | D79: =D18+D32+D49+D52+D55+D78 -> 91 | E79: =E18+E32+E49+E52+E55+E78 -> 0 | F79: =F18+F32+F49+F52+F55+F78 -> 27 | G79: =G18+G32+G49+G52+G55+G78 -> 24
A80: VAINILLAS
A81: VAINILLA MARMOLEADO | B81: 91 | C81: =+IFERROR(VLOOKUP($A81,RAIZ!$A$3:$X$1500,MATCH('Suc. Dos de Agosto'!$F$1,RAIZ!$A$2:$X$2,0),FALSE),0) -> 2 | D81: 2 | F81: =IF(D81-C81>=0,D81-C81,0) -> 0
A82: VAINILLA NARANJA | B82: 92 | C82: =+IFERROR(VLOOKUP($A82,RAIZ!$A$3:$X$1500,MATCH('Suc. Dos de Agosto'!$F$1,RAIZ!$A$2:$X$2,0),FALSE),0) -> 1 | D82: 1 | F82: =IF(D82-C82>=0,D82-C82,0) -> 0
A83: PLANCHA 1/4 | B83: 21N | C83: =+IFERROR(VLOOKUP($A83,RAIZ!$A$3:$X$1500,MATCH('Suc. Dos de Agosto'!$F$1,RAIZ!$A$2:$X$2,0),FALSE),0) -> 1 | D83: 1 | F83: =IF(D83-C83>=0,D83-C83,0) -> 0
A84: PLANCHA DE VAINILLA | B84: 70 | C84: =+IFERROR(VLOOKUP($A84,RAIZ!$A$3:$X$1500,MATCH('Suc. Dos de Agosto'!$F$1,RAIZ!$A$2:$X$2,0),FALSE),0) -> 0 | D84: 1 | F84: =IF(D84-C84>=0,D84-C84,0) -> 1 | G84: 1
A85: VAINILLA NATURAL | B85: 74 | C85: =+IFERROR(VLOOKUP($A85,RAIZ!$A$3:$X$1500,MATCH('Suc. Dos de Agosto'!$F$1,RAIZ!$A$2:$X$2,0),FALSE),0) -> 1 | D85: 1 | F85: =IF(D85-C85>=0,D85-C85,0) -> 0
A86: PETIT DECORADO | B86: 69 | C86: =+IFERROR(VLOOKUP($A86,RAIZ!$A$3:$X$1500,MATCH('Suc. Dos de Agosto'!$F$1,RAIZ!$A$2:$X$2,0),FALSE),0) -> 2 | D86: 2 | F86: =IF(D86-C86>=0,D86-C86,0) -> 0
B87: 323 | C87: =+IFERROR(VLOOKUP($A87,RAIZ!$A$3:$X$1500,MATCH('Suc. Dos de Agosto'!$F$1,RAIZ!$A$2:$X$2,0),FALSE),0) -> 0 | F87: =IF(D87-C87>=0,D87-C87,0) -> 0
B88: 216 | C88: =+IFERROR(VLOOKUP($A88,RAIZ!$A$3:$X$1500,MATCH('Suc. Dos de Agosto'!$F$1,RAIZ!$A$2:$X$2,0),FALSE),0) -> 0 | F88: =IF(D88-C88>=0,D88-C88,0) -> 0
B89: 215 | C89: =+IFERROR(VLOOKUP($A89,RAIZ!$A$3:$X$1500,MATCH('Suc. Dos de Agosto'!$F$1,RAIZ!$A$2:$X$2,0),FALSE),0) -> 0 | F89: =IF(D89-C89>=0,D89-C89,0) -> 0
B90: 321 | C90: =+IFERROR(VLOOKUP($A90,RAIZ!$A$3:$X$1500,MATCH('Suc. Dos de Agosto'!$F$1,RAIZ!$A$2:$X$2,0),FALSE),0) -> 0 | F90: =IF(D90-C90>=0,D90-C90,0) -> 0
A91: Total Area | C91: =SUM(C81:C90) -> 7 | D91: =SUM(D81:D90) -> 8 | E91: =SUM(E81:E90) -> 0 | F91: =SUM(F81:F90) -> 1 | G91: =SUM(G81:G90) -> 1
A92: GELATINAS
A93: GELATINA FRESA GDE | B93: 40 | C93: =+IFERROR(VLOOKUP($A93,RAIZ!$A$3:$X$1500,MATCH('Suc. Dos de Agosto'!$F$1,RAIZ!$A$2:$X$2,0),FALSE),0) -> 2 | D93: 2 | F93: =IF(D93-C93>=0,D93-C93,0) -> 0
A94: GELATINA MOSAICO GDE | B94: 44 | C94: =+IFERROR(VLOOKUP($A94,RAIZ!$A$3:$X$1500,MATCH('Suc. Dos de Agosto'!$F$1,RAIZ!$A$2:$X$2,0),FALSE),0) -> 2 | D94: 2 | F94: =IF(D94-C94>=0,D94-C94,0) -> 0
A95: GELATINA MOSAICO CH | B95: 45 | C95: =+IFERROR(VLOOKUP($A95,RAIZ!$A$3:$X$1500,MATCH('Suc. Dos de Agosto'!$F$1,RAIZ!$A$2:$X$2,0),FALSE),0) -> 1 | D95: 1 | F95: =IF(D95-C95>=0,D95-C95,0) -> 0
A96: GELATINA IND FRESA | B96: 48 | C96: =+IFERROR(VLOOKUP($A96,RAIZ!$A$3:$X$1500,MATCH('Suc. Dos de Agosto'!$F$1,RAIZ!$A$2:$X$2,0),FALSE),0) -> 0 | D96: 4 | F96: =IF(D96-C96>=0,D96-C96,0) -> 4 | G96: 4
A97: GELATINA IND MOSAICO | B97: 49 | C97: =+IFERROR(VLOOKUP($A97,RAIZ!$A$3:$X$1500,MATCH('Suc. Dos de Agosto'!$F$1,RAIZ!$A$2:$X$2,0),FALSE),0) -> 2 | D97: 2 | F97: =IF(D97-C97>=0,D97-C97,0) -> 0
A98: GELATINA PROMO $90 | B98: 10B | C98: =+IFERROR(VLOOKUP($A98,RAIZ!$A$3:$X$1500,MATCH('Suc. Dos de Agosto'!$F$1,RAIZ!$A$2:$X$2,0),FALSE),0) -> 6 | D98: 3 | E98: 5 | F98: =IF(D98-C98>=0,D98-C98,0) -> 0
A99: GELATINA FRESA $150 | B99: 01GE | C99: =+IFERROR(VLOOKUP($A99,RAIZ!$A$3:$X$1500,MATCH('Suc. Dos de Agosto'!$F$1,RAIZ!$A$2:$X$2,0),FALSE),0) -> 1 | D99: 2 | F99: =IF(D99-C99>=0,D99-C99,0) -> 1 | G99: 1
A100: Gelatina de promocion semana santa | B100: 211 | C100: =+IFERROR(VLOOKUP($A100,RAIZ!$A$3:$X$1500,MATCH('Suc. Dos de Agosto'!$F$1,RAIZ!$A$2:$X$2,0),FALSE),0) -> 14 | D100: 25 | F100: =IF(D100-C100>=0,D100-C100,0) -> 11 | G100: 11
...

Sheet Suc. Mololoa
A1: =RAIZ!B1 -> 46301 | D1: SUCURSAL | F1: Suc. Mololoa | H1: [ Suc. Mololoa - Cantidad ]
A2: PRODUCTO | B2: CODIGO | C2: EXISTENCIA EN SUCURSAL | D2: STOCK DETERMINADO | E2: PROMEDIO DE DISTRIBUCIÓN | F2: PRODUCTO A COMPLETAR | G2: A SURTIR TICKET
A3: PIÑA GDE | B3: 02 | C3: =+IFERROR(VLOOKUP($A3,RAIZ!$A$3:$X$1500,MATCH('Suc. Mololoa'!$F$1,RAIZ!$A$2:$X$2,0),FALSE),0) -> 0 | D3: 1 | F3: =IF(D3-C3>=0,D3-C3,0) -> 1 | G3: 1
A4: DURAZNO GDE | B4: 04 | C4: =+IFERROR(VLOOKUP($A4,RAIZ!$A$3:$X$1500,MATCH('Suc. Mololoa'!$F$1,RAIZ!$A$2:$X$2,0),FALSE),0) -> 0 | D4: 2 | F4: =IF(D4-C4>=0,D4-C4,0) -> 2 | G4: 2
A5: 3 LECHES GDE | B5: 06 | C5: =+IFERROR(VLOOKUP($A5,RAIZ!$A$3:$X$1500,MATCH('Suc. Mololoa'!$F$1,RAIZ!$A$2:$X$2,0),FALSE),0) -> 1 | D5: 1 | F5: =IF(D5-C5>=0,D5-C5,0) -> 0
A6: FRUTAS GDE | B6: 03 | C6: =+IFERROR(VLOOKUP($A6,RAIZ!$A$3:$X$1500,MATCH('Suc. Mololoa'!$F$1,RAIZ!$A$2:$X$2,0),FALSE),0) -> 1 | D6: 2 | F6: =IF(D6-C6>=0,D6-C6,0) -> 1 | G6: 1
A7: DUO DURAZNO GDE | B7: 13 | C7: =+IFERROR(VLOOKUP($A7,RAIZ!$A$3:$X$1500,MATCH('Suc. Mololoa'!$F$1,RAIZ!$A$2:$X$2,0),FALSE),0) -> 0 | D7: 1 | F7: =IF(D7-C7>=0,D7-C7,0) -> 1 | G7: 1
A8: MOKA GDE | B8: 01 | C8: =+IFERROR(VLOOKUP($A8,RAIZ!$A$3:$X$1500,MATCH('Suc. Mololoa'!$F$1,RAIZ!$A$2:$X$2,0),FALSE),0) -> 1 | D8: 2 | F8: =IF(D8-C8>=0,D8-C8,0) -> 1 | G8: 1
A9: NUTELA GDE | B9: 09 | C9: =+IFERROR(VLOOKUP($A9,RAIZ!$A$3:$X$1500,MATCH('Suc. Mololoa'!$F$1,RAIZ!$A$2:$X$2,0),FALSE),0) -> 1 | D9: 1 | F9: =IF(D9-C9>=0,D9-C9,0) -> 0
A10: CHOCOLATE GDE | B10: 07 | C10: =+IFERROR(VLOOKUP($A10,RAIZ!$A$3:$X$1500,MATCH('Suc. Mololoa'!$F$1,RAIZ!$A$2:$X$2,0),FALSE),0) -> 2 | D10: 2 | F10: =IF(D10-C10>=0,D10-C10,0) -> 0
A11: M & M GDE | B11: 36 | C11: =+IFERROR(VLOOKUP($A11,RAIZ!$A$3:$X$1500,MATCH('Suc. Mololoa'!$F$1,RAIZ!$A$2:$X$2,0),FALSE),0) -> 0 | D11: 2 | F11: =IF(D11-C11>=0,D11-C11,0) -> 2 | G11: 2
C12: =+IFERROR(VLOOKUP($A12,RAIZ!$A$3:$X$1500,MATCH('Suc. Mololoa'!$F$1,RAIZ!$A$2:$X$2,0),FALSE),0) -> 0 | F12: =IF(D12-C12>=0,D12-C12,0) -> 0
C13: =+IFERROR(VLOOKUP($A13,RAIZ!$A$3:$X$1500,MATCH('Suc. Mololoa'!$F$1,RAIZ!$A$2:$X$2,0),FALSE),0) -> 0 | F13: =IF(D13-C13>=0,D13-C13,0) -> 0
C14: =+IFERROR(VLOOKUP($A14,RAIZ!$A$3:$X$1500,MATCH('Suc. Mololoa'!$F$1,RAIZ!$A$2:$X$2,0),FALSE),0) -> 0 | F14: =IF(D14-C14>=0,D14-C14,0) -> 0
C15: =+IFERROR(VLOOKUP($A15,RAIZ!$A$3:$X$1500,MATCH('Suc. Mololoa'!$F$1,RAIZ!$A$2:$X$2,0),FALSE),0) -> 0 | F15: =IF(D15-C15>=0,D15-C15,0) -> 0
C16: =+IFERROR(VLOOKUP($A16,RAIZ!$A$3:$X$1500,MATCH('Suc. Mololoa'!$F$1,RAIZ!$A$2:$X$2,0),FALSE),0) -> 0 | F16: =IF(D16-C16>=0,D16-C16,0) -> 0
C17: =+IFERROR(VLOOKUP($A17,RAIZ!$A$3:$X$1500,MATCH('Suc. Mololoa'!$F$1,RAIZ!$A$2:$X$2,0),FALSE),0) -> 0 | F17: =IF(D17-C17>=0,D17-C17,0) -> 0
A18: 3 LECHES GRANDES | C18: =SUM(C3:C17) -> 6 | D18: =SUM(D3:D17) -> 14 | E18: =SUM(E3:E17) -> 0 | F18: =SUM(F3:F17) -> 8 | G18: =SUM(G3:G17) -> 8
A19: TRES LECHES MEDIANO | B19: 04M | C19: =+IFERROR(VLOOKUP($A19,RAIZ!$A$3:$X$1500,MATCH('Suc. Mololoa'!$F$1,RAIZ!$A$2:$X$2,0),FALSE),0) -> 1 | D19: 1 | F19: =IF(D19-C19>=0,D19-C19,0) -> 0
A20: FRUTAS MED | B20: 23N | C20: =+IFERROR(VLOOKUP($A20,RAIZ!$A$3:$X$1500,MATCH('Suc. Mololoa'!$F$1,RAIZ!$A$2:$X$2,0),FALSE),0) -> 1 | D20: 2 | F20: =IF(D20-C20>=0,D20-C20,0) -> 1 | G20: 1
A21: DUO DURAZNO MEDIANO | B21: 06M | C21: =+IFERROR(VLOOKUP($A21,RAIZ!$A$3:$X$1500,MATCH('Suc. Mololoa'!$F$1,RAIZ!$A$2:$X$2,0),FALSE),0) -> 1 | D21: 1 | F21: =IF(D21-C21>=0,D21-C21,0) -> 0
A22: PIÑA MED | B22: 08M | C22: =+IFERROR(VLOOKUP($A22,RAIZ!$A$3:$X$1500,MATCH('Suc. Mololoa'!$F$1,RAIZ!$A$2:$X$2,0),FALSE),0) -> 0 | D22: 1 | F22: =IF(D22-C22>=0,D22-C22,0) -> 1 | G22: 1
A23: CHOCOLATE MED | B23: 24N | C23: =+IFERROR(VLOOKUP($A23,RAIZ!$A$3:$X$1500,MATCH('Suc. Mololoa'!$F$1,RAIZ!$A$2:$X$2,0),FALSE),0) -> 2 | D23: 2 | F23: =IF(D23-C23>=0,D23-C23,0) -> 0
A24: M & M MEDIANO | B24: 07M | C24: =+IFERROR(VLOOKUP($A24,RAIZ!$A$3:$X$1500,MATCH('Suc. Mololoa'!$F$1,RAIZ!$A$2:$X$2,0),FALSE),0) -> 0 | D24: 2 | F24: =IF(D24-C24>=0,D24-C24,0) -> 2
A25: MOKA MEDIANO | B25: 01M | C25: =+IFERROR(VLOOKUP($A25,RAIZ!$A$3:$X$1500,MATCH('Suc. Mololoa'!$F$1,RAIZ!$A$2:$X$2,0),FALSE),0) -> 0 | D25: 3 | F25: =IF(D25-C25>=0,D25-C25,0) -> 3 | G25: 3
C26: =+IFERROR(VLOOKUP($A26,RAIZ!$A$3:$X$1500,MATCH('Suc. Mololoa'!$F$1,RAIZ!$A$2:$X$2,0),FALSE),0) -> 0 | F26: =IF(D26-C26>=0,D26-C26,0) -> 0
C27: =+IFERROR(VLOOKUP($A27,RAIZ!$A$3:$X$1500,MATCH('Suc. Mololoa'!$F$1,RAIZ!$A$2:$X$2,0),FALSE),0) -> 0 | F27: =IF(D27-C27>=0,D27-C27,0) -> 0
C28: =+IFERROR(VLOOKUP($A28,RAIZ!$A$3:$X$1500,MATCH('Suc. Mololoa'!$F$1,RAIZ!$A$2:$X$2,0),FALSE),0) -> 0 | F28: =IF(D28-C28>=0,D28-C28,0) -> 0
C29: =+IFERROR(VLOOKUP($A29,RAIZ!$A$3:$X$1500,MATCH('Suc. Mololoa'!$F$1,RAIZ!$A$2:$X$2,0),FALSE),0) -> 0 | F29: =IF(D29-C29>=0,D29-C29,0) -> 0
C30: =+IFERROR(VLOOKUP($A30,RAIZ!$A$3:$X$1500,MATCH('Suc. Mololoa'!$F$1,RAIZ!$A$2:$X$2,0),FALSE),0) -> 0 | F30: =IF(D30-C30>=0,D30-C30,0) -> 0
C31: =+IFERROR(VLOOKUP($A31,RAIZ!$A$3:$X$1500,MATCH('Suc. Mololoa'!$F$1,RAIZ!$A$2:$X$2,0),FALSE),0) -> 0 | F31: =IF(D31-C31>=0,D31-C31,0) -> 0
A32: 3 LECHES MEDIANOS | C32: =SUM(C19:C31) -> 5 | D32: =SUM(D19:D31) -> 12 | E32: =SUM(E19:E31) -> 0 | F32: =SUM(F19:F31) -> 7 | G32: =SUM(G19:G31) -> 5
A33: PIÑA CH | B33: 16 | C33: =+IFERROR(VLOOKUP($A33,RAIZ!$A$3:$X$1500,MATCH('Suc. Mololoa'!$F$1,RAIZ!$A$2:$X$2,0),FALSE),0) -> 2 | D33: 2 | F33: =IF(D33-C33>=0,D33-C33,0) -> 0
A34: DURAZNO CH | B34: 17 | C34: =+IFERROR(VLOOKUP($A34,RAIZ!$A$3:$X$1500,MATCH('Suc. Mololoa'!$F$1,RAIZ!$A$2:$X$2,0),FALSE),0) -> 2 | D34: 2 | F34: =IF(D34-C34>=0,D34-C34,0) -> 0
A35: FRESA CH | B35: 18 | C35: =+IFERROR(VLOOKUP($A35,RAIZ!$A$3:$X$1500,MATCH('Suc. Mololoa'!$F$1,RAIZ!$A$2:$X$2,0),FALSE),0) -> 1 | D35: 2 | F35: =IF(D35-C35>=0,D35-C35,0) -> 1 | G35: 1
A36: 3 LECHES CH | B36: 19 | C36: =+IFERROR(VLOOKUP($A36,RAIZ!$A$3:$X$1500,MATCH('Suc. Mololoa'!$F$1,RAIZ!$A$2:$X$2,0),FALSE),0) -> 1 | D36: 1 | F36: =IF(D36-C36>=0,D36-C36,0) -> 0
A37: FRUTAS CH | B37: 20 | C37: =+IFERROR(VLOOKUP($A37,RAIZ!$A$3:$X$1500,MATCH('Suc. Mololoa'!$F$1,RAIZ!$A$2:$X$2,0),FALSE),0) -> 2 | D37: 2 | F37: =IF(D37-C37>=0,D37-C37,0) -> 0
A38: MOKA CH | B38: 23 | C38: =+IFERROR(VLOOKUP($A38,RAIZ!$A$3:$X$1500,MATCH('Suc. Mololoa'!$F$1,RAIZ!$A$2:$X$2,0),FALSE),0) -> 2 | D38: 3 | F38: =IF(D38-C38>=0,D38-C38,0) -> 1 | G38: 1
A39: NUTELA CH | B39: 28 | C39: =+IFERROR(VLOOKUP($A39,RAIZ!$A$3:$X$1500,MATCH('Suc. Mololoa'!$F$1,RAIZ!$A$2:$X$2,0),FALSE),0) -> 2 | D39: 2 | F39: =IF(D39-C39>=0,D39-C39,0) -> 0
A40: CHOCOLATE CH | B40: 25 | C40: =+IFERROR(VLOOKUP($A40,RAIZ!$A$3:$X$1500,MATCH('Suc. Mololoa'!$F$1,RAIZ!$A$2:$X$2,0),FALSE),0) -> 2 | D40: 2 | F40: =IF(D40-C40>=0,D40-C40,0) -> 0
A41: M & M CH | B41: 87 | C41: =+IFERROR(VLOOKUP($A41,RAIZ!$A$3:$X$1500,MATCH('Suc. Mololoa'!$F$1,RAIZ!$A$2:$X$2,0),FALSE),0) -> 2 | D41: 2 | F41: =IF(D41-C41>=0,D41-C41,0) -> 0
C42: =+IFERROR(VLOOKUP($A42,RAIZ!$A$3:$X$1500,MATCH('Suc. Mololoa'!$F$1,RAIZ!$A$2:$X$2,0),FALSE),0) -> 0 | F42: =IF(D42-C42>=0,D42-C42,0) -> 0
C43: =+IFERROR(VLOOKUP($A43,RAIZ!$A$3:$X$1500,MATCH('Suc. Mololoa'!$F$1,RAIZ!$A$2:$X$2,0),FALSE),0) -> 0 | F43: =IF(D43-C43>=0,D43-C43,0) -> 0
C44: =+IFERROR(VLOOKUP($A44,RAIZ!$A$3:$X$1500,MATCH('Suc. Mololoa'!$F$1,RAIZ!$A$2:$X$2,0),FALSE),0) -> 0 | F44: =IF(D44-C44>=0,D44-C44,0) -> 0
C45: =+IFERROR(VLOOKUP($A45,RAIZ!$A$3:$X$1500,MATCH('Suc. Mololoa'!$F$1,RAIZ!$A$2:$X$2,0),FALSE),0) -> 0 | F45: =IF(D45-C45>=0,D45-C45,0) -> 0
C46: =+IFERROR(VLOOKUP($A46,RAIZ!$A$3:$X$1500,MATCH('Suc. Mololoa'!$F$1,RAIZ!$A$2:$X$2,0),FALSE),0) -> 0 | F46: =IF(D46-C46>=0,D46-C46,0) -> 0
C47: =+IFERROR(VLOOKUP($A47,RAIZ!$A$3:$X$1500,MATCH('Suc. Mololoa'!$F$1,RAIZ!$A$2:$X$2,0),FALSE),0) -> 0 | F47: =IF(D47-C47>=0,D47-C47,0) -> 0
C48: =+IFERROR(VLOOKUP($A48,RAIZ!$A$3:$X$1500,MATCH('Suc. Mololoa'!$F$1,RAIZ!$A$2:$X$2,0),FALSE),0) -> 0 | F48: =IF(D48-C48>=0,D48-C48,0) -> 0
A49: 3 LECHES CHICOS | C49: =SUM(C33:C48) -> 16 | D49: =SUM(D33:D48) -> 18 | E49: =SUM(E33:E48) -> 0 | F49: =SUM(F33:F48) -> 2 | G49: =SUM(G33:G48) -> 2
A50: MINI MEDIANO PIÑERO | B50: 58 | C50: =+IFERROR(VLOOKUP($A50,RAIZ!$A$3:$X$1500,MATCH('Suc. Mololoa'!$F$1,RAIZ!$A$2:$X$2,0),FALSE),0) -> 3 | D50: 5 | F50: =IF(D50-C50>=0,D50-C50,0) -> 2 | G50: 2
A51: MINI MEDIANO CHOCOLATE | B51: 60 | C51: =+IFERROR(VLOOKUP($A51,RAIZ!$A$3:$X$1500,MATCH('Suc. Mololoa'!$F$1,RAIZ!$A$2:$X$2,0),FALSE),0) -> 3 | D51: 5 | F51: =IF(D51-C51>=0,D51-C51,0) -> 2 | G51: 2
A52: MINI MEDIANOS 3 LECHES | C52: =SUM(C50:C51) -> 6 | D52: =SUM(D50:D51) -> 10 | E52: =SUM(E50:E51) -> 0 | F52: =SUM(F50:F51) -> 4 | G52: =SUM(G50:G51) -> 4
A53: MINI PASTELITO PIÑERO | B53: 59 | C53: =+IFERROR(VLOOKUP($A53,RAIZ!$A$3:$X$1500,MATCH('Suc. Mololoa'!$F$1,RAIZ!$A$2:$X$2,0),FALSE),0) -> 5 | D53: 6 | F53: =IF(D53-C53>=0,D53-C53,0) -> 1 | G53: 1
A54: MINI PASTELITO CHOCOLATE | B54: 61 | C54: =+IFERROR(VLOOKUP($A54,RAIZ!$A$3:$X$1500,MATCH('Suc. Mololoa'!$F$1,RAIZ!$A$2:$X$2,0),FALSE),0) -> 4 | D54: 6 | F54: =IF(D54-C54>=0,D54-C54,0) -> 2 | G54: 2
A55: MINI MINI 3 LECHES | C55: =SUM(C53:C54) -> 9 | D55: =SUM(D53:D54) -> 12 | E55: =SUM(E53:E54) -> 0 | F55: =SUM(F53:F54) -> 3 | G55: =SUM(G53:G54) -> 3
A56: 3 LECHES QUESO GDE | B56: 30 | C56: =+IFERROR(VLOOKUP($A56,RAIZ!$A$3:$X$1500,MATCH('Suc. Mololoa'!$F$1,RAIZ!$A$2:$X$2,0),FALSE),0) -> 1 | D56: 1 | F56: =IF(D56-C56>=0,D56-C56,0) -> 0
A57: 3 LECHES QUESO CH | B57: 30CH | C57: =+IFERROR(VLOOKUP($A57,RAIZ!$A$3:$X$1500,MATCH('Suc. Mololoa'!$F$1,RAIZ!$A$2:$X$2,0),FALSE),0) -> 1 | D57: 1 | F57: =IF(D57-C57>=0,D57-C57,0) -> 0
A58: SELVA NEGRA CH | B58: 31CH | C58: =+IFERROR(VLOOKUP($A58,RAIZ!$A$3:$X$1500,MATCH('Suc. Mololoa'!$F$1,RAIZ!$A$2:$X$2,0),FALSE),0) -> 1 | D58: 1 | F58: =IF(D58-C58>=0,D58-C58,0) -> 0
A59: CHOCOQUESO | B59: 32 | C59: =+IFERROR(VLOOKUP($A59,RAIZ!$A$3:$X$1500,MATCH('Suc. Mololoa'!$F$1,RAIZ!$A$2:$X$2,0),FALSE),0) -> 1 | D59: 1 | F59: =IF(D59-C59>=0,D59-C59,0) -> 0
A60: CHOCOQUESO CH | B60: 32CH | C60: =+IFERROR(VLOOKUP($A60,RAIZ!$A$3:$X$1500,MATCH('Suc. Mololoa'!$F$1,RAIZ!$A$2:$X$2,0),FALSE),0) -> 1 | D60: 1 | F60: =IF(D60-C60>=0,D60-C60,0) -> 0
A61: RED VELVET CHEESE CAKE GDE | B61: N01 | C61: =+IFERROR(VLOOKUP($A61,RAIZ!$A$3:$X$1500,MATCH('Suc. Mololoa'!$F$1,RAIZ!$A$2:$X$2,0),FALSE),0) -> 1 | D61: 1 | F61: =IF(D61-C61>=0,D61-C61,0) -> 0
A62: RED VELVET CHEESE CAKE MINI MEDIANO | B62: N02 | C62: =+IFERROR(VLOOKUP($A62,RAIZ!$A$3:$X$1500,MATCH('Suc. Mololoa'!$F$1,RAIZ!$A$2:$X$2,0),FALSE),0) -> 1 | D62: 1 | F62: =IF(D62-C62>=0,D62-C62,0) -> 0
A63: CHESSECAKE GDE | B63: 37 | C63: =+IFERROR(VLOOKUP($A63,RAIZ!$A$3:$X$1500,MATCH('Suc. Mololoa'!$F$1,RAIZ!$A$2:$X$2,0),FALSE),0) -> 1 | D63: 1 | F63: =IF(D63-C63>=0,D63-C63,0) -> 0
A64: CHESSECAKE MINIMED | B64: 62 | C64: =+IFERROR(VLOOKUP($A64,RAIZ!$A$3:$X$1500,MATCH('Suc. Mololoa'!$F$1,RAIZ!$A$2:$X$2,0),FALSE),0) -> 0 | D64: 2 | F64: =IF(D64-C64>=0,D64-C64,0) -> 2 | G64: 2
A65: CHESSECAKE PETIT | B65: 63 | C65: =+IFERROR(VLOOKUP($A65,RAIZ!$A$3:$X$1500,MATCH('Suc. Mololoa'!$F$1,RAIZ!$A$2:$X$2,0),FALSE),0) -> 1 | D65: 2 | F65: =IF(D65-C65>=0,D65-C65,0) -> 1 | G65: 1
A66: ZANAHORIA GDE | B66: 15 | C66: =+IFERROR(VLOOKUP($A66,RAIZ!$A$3:$X$1500,MATCH('Suc. Mololoa'!$F$1,RAIZ!$A$2:$X$2,0),FALSE),0) -> 1 | D66: 1 | F66: =IF(D66-C66>=0,D66-C66,0) -> 0
A67: ZANAHORIA CH | B67: 29 | C67: =+IFERROR(VLOOKUP($A67,RAIZ!$A$3:$X$1500,MATCH('Suc. Mololoa'!$F$1,RAIZ!$A$2:$X$2,0),FALSE),0) -> 1 | D67: 1 | F67: =IF(D67-C67>=0,D67-C67,0) -> 0
A68: ZANAHORIA PETIT | B68: 67 | C68: =+IFERROR(VLOOKUP($A68,RAIZ!$A$3:$X$1500,MATCH('Suc. Mololoa'!$F$1,RAIZ!$A$2:$X$2,0),FALSE),0) -> 2 | D68: 2 | F68: =IF(D68-C68>=0,D68-C68,0) -> 0
A69: ROSCA C/CAJETA | B69: 78 | C69: =+IFERROR(VLOOKUP($A69,RAIZ!$A$3:$X$1500,MATCH('Suc. Mololoa'!$F$1,RAIZ!$A$2:$X$2,0),FALSE),0) -> 1 | D69: 1 | F69: =IF(D69-C69>=0,D69-C69,0) -> 0
A70: CAJITA DE TRES LECHES | B70: C3L | C70: =+IFERROR(VLOOKUP($A70,RAIZ!$A$3:$X$1500,MATCH('Suc. Mololoa'!$F$1,RAIZ!$A$2:$X$2,0),FALSE),0) -> 0 | D70: 2 | F70: =IF(D70-C70>=0,D70-C70,0) -> 2 | G70: 2
A71: CHOCOFLAN MINI MEDIANO | B71: 64 | C71: =+IFERROR(VLOOKUP($A71,RAIZ!$A$3:$X$1500,MATCH('Suc. Mololoa'!$F$1,RAIZ!$A$2:$X$2,0),FALSE),0) -> 1 | D71: 1 | F71: =IF(D71-C71>=0,D71-C71,0) -> 0
A72: MINI DELICIA KINDER | B72: 02MD | C72: =+IFERROR(VLOOKUP($A72,RAIZ!$A$3:$X$1500,MATCH('Suc. Mololoa'!$F$1,RAIZ!$A$2:$X$2,0),FALSE),0) -> 0 | D72: 0 | F72: =IF(D72-C72>=0,D72-C72,0) -> 0
C73: =+IFERROR(VLOOKUP($A73,RAIZ!$A$3:$X$1500,MATCH('Suc. Mololoa'!$F$1,RAIZ!$A$2:$X$2,0),FALSE),0) -> 0 | F73: =IF(D73-C73>=0,D73-C73,0) -> 0
C74: =+IFERROR(VLOOKUP($A74,RAIZ!$A$3:$X$1500,MATCH('Suc. Mololoa'!$F$1,RAIZ!$A$2:$X$2,0),FALSE),0) -> 0 | F74: =IF(D74-C74>=0,D74-C74,0) -> 0
C75: =+IFERROR(VLOOKUP($A75,RAIZ!$A$3:$X$1500,MATCH('Suc. Mololoa'!$F$1,RAIZ!$A$2:$X$2,0),FALSE),0) -> 0 | F75: =IF(D75-C75>=0,D75-C75,0) -> 0
C76: =+IFERROR(VLOOKUP($A76,RAIZ!$A$3:$X$1500,MATCH('Suc. Mololoa'!$F$1,RAIZ!$A$2:$X$2,0),FALSE),0) -> 0 | F76: =IF(D76-C76>=0,D76-C76,0) -> 0
C77: =+IFERROR(VLOOKUP($A77,RAIZ!$A$3:$X$1500,MATCH('Suc. Mololoa'!$F$1,RAIZ!$A$2:$X$2,0),FALSE),0) -> 0 | F77: =IF(D77-C77>=0,D77-C77,0) -> 0
A78: ESPECIALIDAD | C78: =SUM(C56:C77) -> 15 | D78: =SUM(D56:D77) -> 20 | E78: =SUM(E56:E77) -> 0 | F78: =SUM(F56:F77) -> 5 | G78: =SUM(G56:G77) -> 5
A79: Total Area | C79: =C18+C32+C49+C52+C55+C78 -> 57 | D79: =D18+D32+D49+D52+D55+D78 -> 86 | E79: =E18+E32+E49+E52+E55+E78 -> 0 | F79: =F18+F32+F49+F52+F55+F78 -> 29 | G79: =G18+G32+G49+G52+G55+G78 -> 27
A80: VAINILLAS
A81: VAINILLA MARMOLEADO | B81: 91 | C81: =+IFERROR(VLOOKUP($A81,RAIZ!$A$3:$X$1500,MATCH('Suc. Mololoa'!$F$1,RAIZ!$A$2:$X$2,0),FALSE),0) -> 0 | D81: 1 | F81: =IF(D81-C81>=0,D81-C81,0) -> 1 | G81: 1
A82: VAINILLA NARANJA | B82: 92 | C82: =+IFERROR(VLOOKUP($A82,RAIZ!$A$3:$X$1500,MATCH('Suc. Mololoa'!$F$1,RAIZ!$A$2:$X$2,0),FALSE),0) -> 0 | D82: 1 | F82: =IF(D82-C82>=0,D82-C82,0) -> 1 | G82: 1
A83: PLANCHA 1/4 | B83: 21N | C83: =+IFERROR(VLOOKUP($A83,RAIZ!$A$3:$X$1500,MATCH('Suc. Mololoa'!$F$1,RAIZ!$A$2:$X$2,0),FALSE),0) -> 1 | D83: 1 | F83: =IF(D83-C83>=0,D83-C83,0) -> 0
A84: PLANCHA DE VAINILLA | B84: 70 | C84: =+IFERROR(VLOOKUP($A84,RAIZ!$A$3:$X$1500,MATCH('Suc. Mololoa'!$F$1,RAIZ!$A$2:$X$2,0),FALSE),0) -> 1 | D84: 1 | F84: =IF(D84-C84>=0,D84-C84,0) -> 0
A85: VAINILLA NATURAL | B85: 74 | C85: =+IFERROR(VLOOKUP($A85,RAIZ!$A$3:$X$1500,MATCH('Suc. Mololoa'!$F$1,RAIZ!$A$2:$X$2,0),FALSE),0) -> 0 | D85: 1 | F85: =IF(D85-C85>=0,D85-C85,0) -> 1 | G85: 1
A86: PETIT DECORADO | B86: 69 | C86: =+IFERROR(VLOOKUP($A86,RAIZ!$A$3:$X$1500,MATCH('Suc. Mololoa'!$F$1,RAIZ!$A$2:$X$2,0),FALSE),0) -> 2 | D86: 3 | F86: =IF(D86-C86>=0,D86-C86,0) -> 1 | G86: 1
B87: 323 | C87: =+IFERROR(VLOOKUP($A87,RAIZ!$A$3:$X$1500,MATCH('Suc. Mololoa'!$F$1,RAIZ!$A$2:$X$2,0),FALSE),0) -> 0 | F87: =IF(D87-C87>=0,D87-C87,0) -> 0
B88: 216 | C88: =+IFERROR(VLOOKUP($A88,RAIZ!$A$3:$X$1500,MATCH('Suc. Mololoa'!$F$1,RAIZ!$A$2:$X$2,0),FALSE),0) -> 0 | F88: =IF(D88-C88>=0,D88-C88,0) -> 0
B89: 215 | C89: =+IFERROR(VLOOKUP($A89,RAIZ!$A$3:$X$1500,MATCH('Suc. Mololoa'!$F$1,RAIZ!$A$2:$X$2,0),FALSE),0) -> 0 | F89: =IF(D89-C89>=0,D89-C89,0) -> 0
B90: 321 | C90: =+IFERROR(VLOOKUP($A90,RAIZ!$A$3:$X$1500,MATCH('Suc. Mololoa'!$F$1,RAIZ!$A$2:$X$2,0),FALSE),0) -> 0 | F90: =IF(D90-C90>=0,D90-C90,0) -> 0
A91: Total Area | C91: =SUM(C81:C90) -> 4 | D91: =SUM(D81:D90) -> 8 | E91: =SUM(E81:E90) -> 0 | F91: =SUM(F81:F90) -> 4 | G91: =SUM(G81:G90) -> 4
A92: GELATINAS
A93: GELATINA FRESA GDE | B93: 40 | C93: =+IFERROR(VLOOKUP($A93,RAIZ!$A$3:$X$1500,MATCH('Suc. Mololoa'!$F$1,RAIZ!$A$2:$X$2,0),FALSE),0) -> 1 | D93: 1 | F93: =IF(D93-C93>=0,D93-C93,0) -> 0
A94: GELATINA MOSAICO GDE | B94: 44 | C94: =+IFERROR(VLOOKUP($A94,RAIZ!$A$3:$X$1500,MATCH('Suc. Mololoa'!$F$1,RAIZ!$A$2:$X$2,0),FALSE),0) -> 1 | D94: 1 | F94: =IF(D94-C94>=0,D94-C94,0) -> 0
A95: GELATINA MOSAICO CH | B95: 45 | C95: =+IFERROR(VLOOKUP($A95,RAIZ!$A$3:$X$1500,MATCH('Suc. Mololoa'!$F$1,RAIZ!$A$2:$X$2,0),FALSE),0) -> 1 | D95: 2 | F95: =IF(D95-C95>=0,D95-C95,0) -> 1 | G95: 1
A96: GELATINA IND FRESA | B96: 48 | C96: =+IFERROR(VLOOKUP($A96,RAIZ!$A$3:$X$1500,MATCH('Suc. Mololoa'!$F$1,RAIZ!$A$2:$X$2,0),FALSE),0) -> 5 | D96: 5 | F96: =IF(D96-C96>=0,D96-C96,0) -> 0
A97: GELATINA IND MOSAICO | B97: 49 | C97: =+IFERROR(VLOOKUP($A97,RAIZ!$A$3:$X$1500,MATCH('Suc. Mololoa'!$F$1,RAIZ!$A$2:$X$2,0),FALSE),0) -> 1 | D97: 4 | F97: =IF(D97-C97>=0,D97-C97,0) -> 3 | G97: 3
A98: GELATINA PROMO $90 | B98: 10B | C98: =+IFERROR(VLOOKUP($A98,RAIZ!$A$3:$X$1500,MATCH('Suc. Mololoa'!$F$1,RAIZ!$A$2:$X$2,0),FALSE),0) -> 4 | D98: 2 | E98: 5 | F98: =IF(D98-C98>=0,D98-C98,0) -> 0
A99: GELATINA FRESA $150 | B99: 01GE | C99: =+IFERROR(VLOOKUP($A99,RAIZ!$A$3:$X$1500,MATCH('Suc. Mololoa'!$F$1,RAIZ!$A$2:$X$2,0),FALSE),0) -> 1 | D99: 2 | F99: =IF(D99-C99>=0,D99-C99,0) -> 1 | G99: 1
A100: Gelatina de promocion semana santa | B100: 211 | C100: =+IFERROR(VLOOKUP($A100,RAIZ!$A$3:$X$1500,MATCH('Suc. Mololoa'!$F$1,RAIZ!$A$2:$X$2,0),FALSE),0) -> 3 | D100: 25 | F100: =IF(D100-C100>=0,D100-C100,0) -> 22 | G100: 22
...

Sheet Suc. Boulevard
A1: =RAIZ!B1 -> 46301 | D1: SUCURSAL | F1: Suc. Boulevard | H1: [ Suc. Boulevard - Cantidad ]
A2: PRODUCTO | B2: CODIGO | C2: EXISTENCIA EN SUCURSAL | D2: STOCK DETERMINADO | E2: PROMEDIO DE DISTRIBUCIÓN | F2: PRODUCTO A COMPLETAR | G2: A SURTIR TICKET | H2: MARTES
A3: PIÑA GDE | B3: 02 | C3: =+IFERROR(VLOOKUP($A3,RAIZ!$A$3:$X$1500,MATCH('Suc. Boulevard'!$F$1,RAIZ!$A$2:$X$2,0),FALSE),0) -> 1 | D3: 2 | F3: =IF(D3-C3>=0,D3-C3,0) -> 1 | G3: 1
A4: DURAZNO GDE | B4: 04 | C4: =+IFERROR(VLOOKUP($A4,RAIZ!$A$3:$X$1500,MATCH('Suc. Boulevard'!$F$1,RAIZ!$A$2:$X$2,0),FALSE),0) -> 2 | D4: 2 | F4: =IF(D4-C4>=0,D4-C4,0) -> 0
A5: 3 LECHES GDE | B5: 06 | C5: =+IFERROR(VLOOKUP($A5,RAIZ!$A$3:$X$1500,MATCH('Suc. Boulevard'!$F$1,RAIZ!$A$2:$X$2,0),FALSE),0) -> 1 | D5: 2 | F5: =IF(D5-C5>=0,D5-C5,0) -> 1 | G5: 1
A6: FRUTAS GDE | B6: 03 | C6: =+IFERROR(VLOOKUP($A6,RAIZ!$A$3:$X$1500,MATCH('Suc. Boulevard'!$F$1,RAIZ!$A$2:$X$2,0),FALSE),0) -> 3 | D6: 3 | F6: =IF(D6-C6>=0,D6-C6,0) -> 0
A7: DUO DURAZNO GDE | B7: 13 | C7: =+IFERROR(VLOOKUP($A7,RAIZ!$A$3:$X$1500,MATCH('Suc. Boulevard'!$F$1,RAIZ!$A$2:$X$2,0),FALSE),0) -> 1 | D7: 1 | F7: =IF(D7-C7>=0,D7-C7,0) -> 0
A8: MOKA GDE | B8: 01 | C8: =+IFERROR(VLOOKUP($A8,RAIZ!$A$3:$X$1500,MATCH('Suc. Boulevard'!$F$1,RAIZ!$A$2:$X$2,0),FALSE),0) -> 2 | D8: 2 | F8: =IF(D8-C8>=0,D8-C8,0) -> 0
A9: NUTELA GDE | B9: 09 | C9: =+IFERROR(VLOOKUP($A9,RAIZ!$A$3:$X$1500,MATCH('Suc. Boulevard'!$F$1,RAIZ!$A$2:$X$2,0),FALSE),0) -> 2 | D9: 2 | F9: =IF(D9-C9>=0,D9-C9,0) -> 0
A10: CHOCOLATE GDE | B10: 07 | C10: =+IFERROR(VLOOKUP($A10,RAIZ!$A$3:$X$1500,MATCH('Suc. Boulevard'!$F$1,RAIZ!$A$2:$X$2,0),FALSE),0) -> 2 | D10: 2 | F10: =IF(D10-C10>=0,D10-C10,0) -> 0
A11: M & M GDE | B11: 36 | C11: =+IFERROR(VLOOKUP($A11,RAIZ!$A$3:$X$1500,MATCH('Suc. Boulevard'!$F$1,RAIZ!$A$2:$X$2,0),FALSE),0) -> 1 | D11: 1 | F11: =IF(D11-C11>=0,D11-C11,0) -> 0
C12: =+IFERROR(VLOOKUP($A12,RAIZ!$A$3:$X$1500,MATCH('Suc. Boulevard'!$F$1,RAIZ!$A$2:$X$2,0),FALSE),0) -> 0 | F12: =IF(D12-C12>=0,D12-C12,0) -> 0
C13: =+IFERROR(VLOOKUP($A13,RAIZ!$A$3:$X$1500,MATCH('Suc. Boulevard'!$F$1,RAIZ!$A$2:$X$2,0),FALSE),0) -> 0 | F13: =IF(D13-C13>=0,D13-C13,0) -> 0
C14: =+IFERROR(VLOOKUP($A14,RAIZ!$A$3:$X$1500,MATCH('Suc. Boulevard'!$F$1,RAIZ!$A$2:$X$2,0),FALSE),0) -> 0 | F14: =IF(D14-C14>=0,D14-C14,0) -> 0
C15: =+IFERROR(VLOOKUP($A15,RAIZ!$A$3:$X$1500,MATCH('Suc. Boulevard'!$F$1,RAIZ!$A$2:$X$2,0),FALSE),0) -> 0 | F15: =IF(D15-C15>=0,D15-C15,0) -> 0
C16: =+IFERROR(VLOOKUP($A16,RAIZ!$A$3:$X$1500,MATCH('Suc. Boulevard'!$F$1,RAIZ!$A$2:$X$2,0),FALSE),0) -> 0 | F16: =IF(D16-C16>=0,D16-C16,0) -> 0
C17: =+IFERROR(VLOOKUP($A17,RAIZ!$A$3:$X$1500,MATCH('Suc. Boulevard'!$F$1,RAIZ!$A$2:$X$2,0),FALSE),0) -> 0 | F17: =IF(D17-C17>=0,D17-C17,0) -> 0
A18: 3 LECHES GRANDES | C18: =SUM(C3:C17) -> 15 | D18: =SUM(D3:D17) -> 17 | E18: =SUM(E3:E17) -> 0 | F18: =SUM(F3:F17) -> 2 | G18: =SUM(G3:G17) -> 2
A19: TRES LECHES MEDIANO | B19: 04M | C19: =+IFERROR(VLOOKUP($A19,RAIZ!$A$3:$X$1500,MATCH('Suc. Boulevard'!$F$1,RAIZ!$A$2:$X$2,0),FALSE),0) -> 0 | D19: 0 | F19: =IF(D19-C19>=0,D19-C19,0) -> 0
A20: FRUTAS MED | B20: 23N | C20: =+IFERROR(VLOOKUP($A20,RAIZ!$A$3:$X$1500,MATCH('Suc. Boulevard'!$F$1,RAIZ!$A$2:$X$2,0),FALSE),0) -> 2 | D20: 3 | F20: =IF(D20-C20>=0,D20-C20,0) -> 1 | G20: 1
A21: DUO DURAZNO MEDIANO | B21: 06M | C21: =+IFERROR(VLOOKUP($A21,RAIZ!$A$3:$X$1500,MATCH('Suc. Boulevard'!$F$1,RAIZ!$A$2:$X$2,0),FALSE),0) -> 1 | D21: 1 | F21: =IF(D21-C21>=0,D21-C21,0) -> 0
A22: PIÑA MED | B22: 08M | C22: =+IFERROR(VLOOKUP($A22,RAIZ!$A$3:$X$1500,MATCH('Suc. Boulevard'!$F$1,RAIZ!$A$2:$X$2,0),FALSE),0) -> 1 | D22: 1 | F22: =IF(D22-C22>=0,D22-C22,0) -> 0
A23: CHOCOLATE MED | B23: 24N | C23: =+IFERROR(VLOOKUP($A23,RAIZ!$A$3:$X$1500,MATCH('Suc. Boulevard'!$F$1,RAIZ!$A$2:$X$2,0),FALSE),0) -> 2 | D23: 2 | F23: =IF(D23-C23>=0,D23-C23,0) -> 0
A24: M & M MEDIANO | B24: 07M | C24: =+IFERROR(VLOOKUP($A24,RAIZ!$A$3:$X$1500,MATCH('Suc. Boulevard'!$F$1,RAIZ!$A$2:$X$2,0),FALSE),0) -> 0 | D24: 1 | F24: =IF(D24-C24>=0,D24-C24,0) -> 1
A25: MOKA MEDIANO | B25: 01M | C25: =+IFERROR(VLOOKUP($A25,RAIZ!$A$3:$X$1500,MATCH('Suc. Boulevard'!$F$1,RAIZ!$A$2:$X$2,0),FALSE),0) -> 0 | D25: 3 | F25: =IF(D25-C25>=0,D25-C25,0) -> 3 | G25: 3
C26: =+IFERROR(VLOOKUP($A26,RAIZ!$A$3:$X$1500,MATCH('Suc. Boulevard'!$F$1,RAIZ!$A$2:$X$2,0),FALSE),0) -> 0 | F26: =IF(D26-C26>=0,D26-C26,0) -> 0
C27: =+IFERROR(VLOOKUP($A27,RAIZ!$A$3:$X$1500,MATCH('Suc. Boulevard'!$F$1,RAIZ!$A$2:$X$2,0),FALSE),0) -> 0 | F27: =IF(D27-C27>=0,D27-C27,0) -> 0
C28: =+IFERROR(VLOOKUP($A28,RAIZ!$A$3:$X$1500,MATCH('Suc. Boulevard'!$F$1,RAIZ!$A$2:$X$2,0),FALSE),0) -> 0 | F28: =IF(D28-C28>=0,D28-C28,0) -> 0
C29: =+IFERROR(VLOOKUP($A29,RAIZ!$A$3:$X$1500,MATCH('Suc. Boulevard'!$F$1,RAIZ!$A$2:$X$2,0),FALSE),0) -> 0 | F29: =IF(D29-C29>=0,D29-C29,0) -> 0
C30: =+IFERROR(VLOOKUP($A30,RAIZ!$A$3:$X$1500,MATCH('Suc. Boulevard'!$F$1,RAIZ!$A$2:$X$2,0),FALSE),0) -> 0 | F30: =IF(D30-C30>=0,D30-C30,0) -> 0
C31: =+IFERROR(VLOOKUP($A31,RAIZ!$A$3:$X$1500,MATCH('Suc. Boulevard'!$F$1,RAIZ!$A$2:$X$2,0),FALSE),0) -> 0 | F31: =IF(D31-C31>=0,D31-C31,0) -> 0
A32: 3 LECHES MEDIANOS | C32: =SUM(C19:C31) -> 6 | D32: =SUM(D19:D31) -> 11 | E32: =SUM(E19:E31) -> 0 | F32: =SUM(F19:F31) -> 5 | G32: =SUM(G19:G31) -> 4
A33: PIÑA CH | B33: 16 | C33: =+IFERROR(VLOOKUP($A33,RAIZ!$A$3:$X$1500,MATCH('Suc. Boulevard'!$F$1,RAIZ!$A$2:$X$2,0),FALSE),0) -> 1 | D33: 2 | F33: =IF(D33-C33>=0,D33-C33,0) -> 1 | G33: 1
A34: DURAZNO CH | B34: 17 | C34: =+IFERROR(VLOOKUP($A34,RAIZ!$A$3:$X$1500,MATCH('Suc. Boulevard'!$F$1,RAIZ!$A$2:$X$2,0),FALSE),0) -> 0 | D34: 1 | F34: =IF(D34-C34>=0,D34-C34,0) -> 1 | G34: 1
A35: FRESA CH | B35: 18 | C35: =+IFERROR(VLOOKUP($A35,RAIZ!$A$3:$X$1500,MATCH('Suc. Boulevard'!$F$1,RAIZ!$A$2:$X$2,0),FALSE),0) -> 1 | D35: 1 | F35: =IF(D35-C35>=0,D35-C35,0) -> 0
A36: 3 LECHES CH | B36: 19 | C36: =+IFERROR(VLOOKUP($A36,RAIZ!$A$3:$X$1500,MATCH('Suc. Boulevard'!$F$1,RAIZ!$A$2:$X$2,0),FALSE),0) -> 0 | D36: 0 | F36: =IF(D36-C36>=0,D36-C36,0) -> 0
A37: FRUTAS CH | B37: 20 | C37: =+IFERROR(VLOOKUP($A37,RAIZ!$A$3:$X$1500,MATCH('Suc. Boulevard'!$F$1,RAIZ!$A$2:$X$2,0),FALSE),0) -> 3 | D37: 3 | F37: =IF(D37-C37>=0,D37-C37,0) -> 0
A38: MOKA CH | B38: 23 | C38: =+IFERROR(VLOOKUP($A38,RAIZ!$A$3:$X$1500,MATCH('Suc. Boulevard'!$F$1,RAIZ!$A$2:$X$2,0),FALSE),0) -> 2 | D38: 2 | F38: =IF(D38-C38>=0,D38-C38,0) -> 0
A39: NUTELA CH | B39: 28 | C39: =+IFERROR(VLOOKUP($A39,RAIZ!$A$3:$X$1500,MATCH('Suc. Boulevard'!$F$1,RAIZ!$A$2:$X$2,0),FALSE),0) -> 1 | D39: 1 | F39: =IF(D39-C39>=0,D39-C39,0) -> 0
A40: CHOCOLATE CH | B40: 25 | C40: =+IFERROR(VLOOKUP($A40,RAIZ!$A$3:$X$1500,MATCH('Suc. Boulevard'!$F$1,RAIZ!$A$2:$X$2,0),FALSE),0) -> 1 | D40: 2 | F40: =IF(D40-C40>=0,D40-C40,0) -> 1 | G40: 1
A41: M & M CH | B41: 87 | C41: =+IFERROR(VLOOKUP($A41,RAIZ!$A$3:$X$1500,MATCH('Suc. Boulevard'!$F$1,RAIZ!$A$2:$X$2,0),FALSE),0) -> 0 | D41: 1 | F41: =IF(D41-C41>=0,D41-C41,0) -> 1 | G41: 1
C42: =+IFERROR(VLOOKUP($A42,RAIZ!$A$3:$X$1500,MATCH('Suc. Boulevard'!$F$1,RAIZ!$A$2:$X$2,0),FALSE),0) -> 0 | F42: =IF(D42-C42>=0,D42-C42,0) -> 0
C43: =+IFERROR(VLOOKUP($A43,RAIZ!$A$3:$X$1500,MATCH('Suc. Boulevard'!$F$1,RAIZ!$A$2:$X$2,0),FALSE),0) -> 0 | F43: =IF(D43-C43>=0,D43-C43,0) -> 0
C44: =+IFERROR(VLOOKUP($A44,RAIZ!$A$3:$X$1500,MATCH('Suc. Boulevard'!$F$1,RAIZ!$A$2:$X$2,0),FALSE),0) -> 0 | F44: =IF(D44-C44>=0,D44-C44,0) -> 0
C45: =+IFERROR(VLOOKUP($A45,RAIZ!$A$3:$X$1500,MATCH('Suc. Boulevard'!$F$1,RAIZ!$A$2:$X$2,0),FALSE),0) -> 0 | F45: =IF(D45-C45>=0,D45-C45,0) -> 0
C46: =+IFERROR(VLOOKUP($A46,RAIZ!$A$3:$X$1500,MATCH('Suc. Boulevard'!$F$1,RAIZ!$A$2:$X$2,0),FALSE),0) -> 0 | F46: =IF(D46-C46>=0,D46-C46,0) -> 0
C47: =+IFERROR(VLOOKUP($A47,RAIZ!$A$3:$X$1500,MATCH('Suc. Boulevard'!$F$1,RAIZ!$A$2:$X$2,0),FALSE),0) -> 0 | F47: =IF(D47-C47>=0,D47-C47,0) -> 0
C48: =+IFERROR(VLOOKUP($A48,RAIZ!$A$3:$X$1500,MATCH('Suc. Boulevard'!$F$1,RAIZ!$A$2:$X$2,0),FALSE),0) -> 0 | F48: =IF(D48-C48>=0,D48-C48,0) -> 0
A49: 3 LECHES CHICOS | C49: =SUM(C33:C48) -> 9 | D49: =SUM(D33:D48) -> 13 | E49: =SUM(E33:E48) -> 0 | F49: =SUM(F33:F48) -> 4 | G49: =SUM(G33:G48) -> 4
A50: MINI MEDIANO PIÑERO | B50: 58 | C50: =+IFERROR(VLOOKUP($A50,RAIZ!$A$3:$X$1500,MATCH('Suc. Boulevard'!$F$1,RAIZ!$A$2:$X$2,0),FALSE),0) -> 1 | D50: 3 | F50: =IF(D50-C50>=0,D50-C50,0) -> 2 | G50: 2
A51: MINI MEDIANO CHOCOLATE | B51: 60 | C51: =+IFERROR(VLOOKUP($A51,RAIZ!$A$3:$X$1500,MATCH('Suc. Boulevard'!$F$1,RAIZ!$A$2:$X$2,0),FALSE),0) -> 3 | D51: 4 | F51: =IF(D51-C51>=0,D51-C51,0) -> 1 | G51: 1
A52: MINI MEDIANOS 3 LECHES | C52: =SUM(C50:C51) -> 4 | D52: =SUM(D50:D51) -> 7 | E52: =SUM(E50:E51) -> 0 | F52: =SUM(F50:F51) -> 3 | G52: =SUM(G50:G51) -> 3
A53: MINI PASTELITO PIÑERO | B53: 59 | C53: =+IFERROR(VLOOKUP($A53,RAIZ!$A$3:$X$1500,MATCH('Suc. Boulevard'!$F$1,RAIZ!$A$2:$X$2,0),FALSE),0) -> 3 | D53: 3 | F53: =IF(D53-C53>=0,D53-C53,0) -> 0
A54: MINI PASTELITO CHOCOLATE | B54: 61 | C54: =+IFERROR(VLOOKUP($A54,RAIZ!$A$3:$X$1500,MATCH('Suc. Boulevard'!$F$1,RAIZ!$A$2:$X$2,0),FALSE),0) -> 1 | D54: 3 | F54: =IF(D54-C54>=0,D54-C54,0) -> 2 | G54: 2
A55: MINI MINI 3 LECHES | C55: =SUM(C53:C54) -> 4 | D55: =SUM(D53:D54) -> 6 | E55: =SUM(E53:E54) -> 0 | F55: =SUM(F53:F54) -> 2 | G55: =SUM(G53:G54) -> 2
A56: 3 LECHES QUESO GDE | B56: 30 | C56: =+IFERROR(VLOOKUP($A56,RAIZ!$A$3:$X$1500,MATCH('Suc. Boulevard'!$F$1,RAIZ!$A$2:$X$2,0),FALSE),0) -> 1 | D56: 1 | F56: =IF(D56-C56>=0,D56-C56,0) -> 0
A57: 3 LECHES QUESO CH | B57: 30CH | C57: =+IFERROR(VLOOKUP($A57,RAIZ!$A$3:$X$1500,MATCH('Suc. Boulevard'!$F$1,RAIZ!$A$2:$X$2,0),FALSE),0) -> 2 | D57: 1 | F57: =IF(D57-C57>=0,D57-C57,0) -> 0
A58: SELVA NEGRA CH | B58: 31CH | C58: =+IFERROR(VLOOKUP($A58,RAIZ!$A$3:$X$1500,MATCH('Suc. Boulevard'!$F$1,RAIZ!$A$2:$X$2,0),FALSE),0) -> 1 | D58: 1 | F58: =IF(D58-C58>=0,D58-C58,0) -> 0
A59: CHOCOQUESO | B59: 32 | C59: =+IFERROR(VLOOKUP($A59,RAIZ!$A$3:$X$1500,MATCH('Suc. Boulevard'!$F$1,RAIZ!$A$2:$X$2,0),FALSE),0) -> 1 | D59: 1 | F59: =IF(D59-C59>=0,D59-C59,0) -> 0
A60: CHOCOQUESO CH | B60: 32CH | C60: =+IFERROR(VLOOKUP($A60,RAIZ!$A$3:$X$1500,MATCH('Suc. Boulevard'!$F$1,RAIZ!$A$2:$X$2,0),FALSE),0) -> 1 | D60: 1 | F60: =IF(D60-C60>=0,D60-C60,0) -> 0
A61: RED VELVET CHEESE CAKE GDE | B61: N01 | C61: =+IFERROR(VLOOKUP($A61,RAIZ!$A$3:$X$1500,MATCH('Suc. Boulevard'!$F$1,RAIZ!$A$2:$X$2,0),FALSE),0) -> 1 | D61: 1 | F61: =IF(D61-C61>=0,D61-C61,0) -> 0
A62: RED VELVET CHEESE CAKE MINI MEDIANO | B62: N02 | C62: =+IFERROR(VLOOKUP($A62,RAIZ!$A$3:$X$1500,MATCH('Suc. Boulevard'!$F$1,RAIZ!$A$2:$X$2,0),FALSE),0) -> 0 | D62: 1 | F62: =IF(D62-C62>=0,D62-C62,0) -> 1 | G62: 1
A63: CHESSECAKE GDE | B63: 37 | C63: =+IFERROR(VLOOKUP($A63,RAIZ!$A$3:$X$1500,MATCH('Suc. Boulevard'!$F$1,RAIZ!$A$2:$X$2,0),FALSE),0) -> 1 | D63: 1 | F63: =IF(D63-C63>=0,D63-C63,0) -> 0
A64: CHESSECAKE MINIMED | B64: 62 | C64: =+IFERROR(VLOOKUP($A64,RAIZ!$A$3:$X$1500,MATCH('Suc. Boulevard'!$F$1,RAIZ!$A$2:$X$2,0),FALSE),0) -> 1 | D64: 1 | F64: =IF(D64-C64>=0,D64-C64,0) -> 0
A65: CHESSECAKE PETIT | B65: 63 | C65: =+IFERROR(VLOOKUP($A65,RAIZ!$A$3:$X$1500,MATCH('Suc. Boulevard'!$F$1,RAIZ!$A$2:$X$2,0),FALSE),0) -> 1 | D65: 2 | F65: =IF(D65-C65>=0,D65-C65,0) -> 1 | G65: 1
A66: ZANAHORIA GDE | B66: 15 | C66: =+IFERROR(VLOOKUP($A66,RAIZ!$A$3:$X$1500,MATCH('Suc. Boulevard'!$F$1,RAIZ!$A$2:$X$2,0),FALSE),0) -> 1 | D66: 1 | F66: =IF(D66-C66>=0,D66-C66,0) -> 0
A67: ZANAHORIA CH | B67: 29 | C67: =+IFERROR(VLOOKUP($A67,RAIZ!$A$3:$X$1500,MATCH('Suc. Boulevard'!$F$1,RAIZ!$A$2:$X$2,0),FALSE),0) -> 1 | D67: 1 | F67: =IF(D67-C67>=0,D67-C67,0) -> 0
A68: ZANAHORIA PETIT | B68: 67 | C68: =+IFERROR(VLOOKUP($A68,RAIZ!$A$3:$X$1500,MATCH('Suc. Boulevard'!$F$1,RAIZ!$A$2:$X$2,0),FALSE),0) -> 2 | D68: 2 | F68: =IF(D68-C68>=0,D68-C68,0) -> 0
A69: ROSCA C/CAJETA | B69: 78 | C69: =+IFERROR(VLOOKUP($A69,RAIZ!$A$3:$X$1500,MATCH('Suc. Boulevard'!$F$1,RAIZ!$A$2:$X$2,0),FALSE),0) -> 1 | D69: 1 | F69: =IF(D69-C69>=0,D69-C69,0) -> 0
A70: CAJITA DE TRES LECHES | B70: C3L | C70: =+IFERROR(VLOOKUP($A70,RAIZ!$A$3:$X$1500,MATCH('Suc. Boulevard'!$F$1,RAIZ!$A$2:$X$2,0),FALSE),0) -> 0 | D70: 1 | F70: =IF(D70-C70>=0,D70-C70,0) -> 1 | G70: 1
A71: CHOCOFLAN MINI MEDIANO | B71: 64 | C71: =+IFERROR(VLOOKUP($A71,RAIZ!$A$3:$X$1500,MATCH('Suc. Boulevard'!$F$1,RAIZ!$A$2:$X$2,0),FALSE),0) -> 2 | D71: 2 | F71: =IF(D71-C71>=0,D71-C71,0) -> 0
A72: MINI DELICIA KINDER | B72: 02MD | C72: =+IFERROR(VLOOKUP($A72,RAIZ!$A$3:$X$1500,MATCH('Suc. Boulevard'!$F$1,RAIZ!$A$2:$X$2,0),FALSE),0) -> 0 | D72: 0 | F72: =IF(D72-C72>=0,D72-C72,0) -> 0
C73: =+IFERROR(VLOOKUP($A73,RAIZ!$A$3:$X$1500,MATCH('Suc. Boulevard'!$F$1,RAIZ!$A$2:$X$2,0),FALSE),0) -> 0 | F73: =IF(D73-C73>=0,D73-C73,0) -> 0
C74: =+IFERROR(VLOOKUP($A74,RAIZ!$A$3:$X$1500,MATCH('Suc. Boulevard'!$F$1,RAIZ!$A$2:$X$2,0),FALSE),0) -> 0 | F74: =IF(D74-C74>=0,D74-C74,0) -> 0
C75: =+IFERROR(VLOOKUP($A75,RAIZ!$A$3:$X$1500,MATCH('Suc. Boulevard'!$F$1,RAIZ!$A$2:$X$2,0),FALSE),0) -> 0 | F75: =IF(D75-C75>=0,D75-C75,0) -> 0
C76: =+IFERROR(VLOOKUP($A76,RAIZ!$A$3:$X$1500,MATCH('Suc. Boulevard'!$F$1,RAIZ!$A$2:$X$2,0),FALSE),0) -> 0 | F76: =IF(D76-C76>=0,D76-C76,0) -> 0
C77: =+IFERROR(VLOOKUP($A77,RAIZ!$A$3:$X$1500,MATCH('Suc. Boulevard'!$F$1,RAIZ!$A$2:$X$2,0),FALSE),0) -> 0 | F77: =IF(D77-C77>=0,D77-C77,0) -> 0
A78: ESPECIALIDAD | C78: =SUM(C56:C77) -> 17 | D78: =SUM(D56:D77) -> 19 | E78: =SUM(E56:E77) -> 0 | F78: =SUM(F56:F77) -> 3 | G78: =SUM(G56:G77) -> 3
A79: Total Area | C79: =C18+C32+C49+C52+C55+C78 -> 55 | D79: =D18+D32+D49+D52+D55+D78 -> 73 | E79: =E18+E32+E49+E52+E55+E78 -> 0 | F79: =F18+F32+F49+F52+F55+F78 -> 19 | G79: =G18+G32+G49+G52+G55+G78 -> 18
A80: VAINILLAS
A81: VAINILLA MARMOLEADO | B81: 91 | C81: =+IFERROR(VLOOKUP($A81,RAIZ!$A$3:$X$1500,MATCH('Suc. Boulevard'!$F$1,RAIZ!$A$2:$X$2,0),FALSE),0) -> 1 | D81: 1 | F81: =IF(D81-C81>=0,D81-C81,0) -> 0
A82: VAINILLA NARANJA | B82: 92 | C82: =+IFERROR(VLOOKUP($A82,RAIZ!$A$3:$X$1500,MATCH('Suc. Boulevard'!$F$1,RAIZ!$A$2:$X$2,0),FALSE),0) -> 1 | D82: 1 | F82: =IF(D82-C82>=0,D82-C82,0) -> 0
A83: PLANCHA 1/4 | B83: 21N | C83: =+IFERROR(VLOOKUP($A83,RAIZ!$A$3:$X$1500,MATCH('Suc. Boulevard'!$F$1,RAIZ!$A$2:$X$2,0),FALSE),0) -> 1 | D83: 1 | F83: =IF(D83-C83>=0,D83-C83,0) -> 0
A84: PLANCHA DE VAINILLA | B84: 70 | C84: =+IFERROR(VLOOKUP($A84,RAIZ!$A$3:$X$1500,MATCH('Suc. Boulevard'!$F$1,RAIZ!$A$2:$X$2,0),FALSE),0) -> 1 | D84: 1 | F84: =IF(D84-C84>=0,D84-C84,0) -> 0
A85: VAINILLA NATURAL | B85: 74 | C85: =+IFERROR(VLOOKUP($A85,RAIZ!$A$3:$X$1500,MATCH('Suc. Boulevard'!$F$1,RAIZ!$A$2:$X$2,0),FALSE),0) -> 1 | D85: 1 | F85: =IF(D85-C85>=0,D85-C85,0) -> 0
A86: PETIT DECORADO | B86: 69 | C86: =+IFERROR(VLOOKUP($A86,RAIZ!$A$3:$X$1500,MATCH('Suc. Boulevard'!$F$1,RAIZ!$A$2:$X$2,0),FALSE),0) -> 1 | D86: 3 | F86: =IF(D86-C86>=0,D86-C86,0) -> 2 | G86: 2
B87: 323 | C87: =+IFERROR(VLOOKUP($A87,RAIZ!$A$3:$X$1500,MATCH('Suc. Boulevard'!$F$1,RAIZ!$A$2:$X$2,0),FALSE),0) -> 0 | F87: =IF(D87-C87>=0,D87-C87,0) -> 0
B88: 216 | C88: =+IFERROR(VLOOKUP($A88,RAIZ!$A$3:$X$1500,MATCH('Suc. Boulevard'!$F$1,RAIZ!$A$2:$X$2,0),FALSE),0) -> 0 | F88: =IF(D88-C88>=0,D88-C88,0) -> 0
B89: 215 | C89: =+IFERROR(VLOOKUP($A89,RAIZ!$A$3:$X$1500,MATCH('Suc. Boulevard'!$F$1,RAIZ!$A$2:$X$2,0),FALSE),0) -> 0 | F89: =IF(D89-C89>=0,D89-C89,0) -> 0
B90: 321 | C90: =+IFERROR(VLOOKUP($A90,RAIZ!$A$3:$X$1500,MATCH('Suc. Boulevard'!$F$1,RAIZ!$A$2:$X$2,0),FALSE),0) -> 0 | F90: =IF(D90-C90>=0,D90-C90,0) -> 0
A91: Total Area | C91: =SUM(C81:C90) -> 6 | D91: =SUM(D81:D90) -> 8 | E91: =SUM(E81:E90) -> 0 | F91: =SUM(F81:F90) -> 2 | G91: =SUM(G81:G90) -> 2
A92: GELATINAS
A93: GELATINA FRESA GDE | B93: 40 | C93: =+IFERROR(VLOOKUP($A93,RAIZ!$A$3:$X$1500,MATCH('Suc. Boulevard'!$F$1,RAIZ!$A$2:$X$2,0),FALSE),0) -> 1 | D93: 2 | F93: =IF(D93-C93>=0,D93-C93,0) -> 1 | G93: 1
A94: GELATINA MOSAICO GDE | B94: 44 | C94: =+IFERROR(VLOOKUP($A94,RAIZ!$A$3:$X$1500,MATCH('Suc. Boulevard'!$F$1,RAIZ!$A$2:$X$2,0),FALSE),0) -> 2 | D94: 2 | F94: =IF(D94-C94>=0,D94-C94,0) -> 0
A95: GELATINA MOSAICO CH | B95: 45 | C95: =+IFERROR(VLOOKUP($A95,RAIZ!$A$3:$X$1500,MATCH('Suc. Boulevard'!$F$1,RAIZ!$A$2:$X$2,0),FALSE),0) -> 0 | D95: 1 | F95: =IF(D95-C95>=0,D95-C95,0) -> 1 | G95: 1
A96: GELATINA IND FRESA | B96: 48 | C96: =+IFERROR(VLOOKUP($A96,RAIZ!$A$3:$X$1500,MATCH('Suc. Boulevard'!$F$1,RAIZ!$A$2:$X$2,0),FALSE),0) -> 4 | D96: 4 | F96: =IF(D96-C96>=0,D96-C96,0) -> 0
A97: GELATINA IND MOSAICO | B97: 49 | C97: =+IFERROR(VLOOKUP($A97,RAIZ!$A$3:$X$1500,MATCH('Suc. Boulevard'!$F$1,RAIZ!$A$2:$X$2,0),FALSE),0) -> 4 | D97: 4 | F97: =IF(D97-C97>=0,D97-C97,0) -> 0
A98: GELATINA PROMO $90 | B98: 10B | C98: =+IFERROR(VLOOKUP($A98,RAIZ!$A$3:$X$1500,MATCH('Suc. Boulevard'!$F$1,RAIZ!$A$2:$X$2,0),FALSE),0) -> 1 | D98: 2 | E98: 5 | F98: =IF(D98-C98>=0,D98-C98,0) -> 1 | G98: 3
A99: GELATINA FRESA $150 | B99: 01GE | C99: =+IFERROR(VLOOKUP($A99,RAIZ!$A$3:$X$1500,MATCH('Suc. Boulevard'!$F$1,RAIZ!$A$2:$X$2,0),FALSE),0) -> 2 | D99: 2 | F99: =IF(D99-C99>=0,D99-C99,0) -> 0
A100: Gelatina de promocion semana santa | B100: 211 | C100: =+IFERROR(VLOOKUP($A100,RAIZ!$A$3:$X$1500,MATCH('Suc. Boulevard'!$F$1,RAIZ!$A$2:$X$2,0),FALSE),0) -> 11 | D100: 20 | F100: =IF(D100-C100>=0,D100-C100,0) -> 9 | G100: 9
...

Sheet Suc. Plaza
A1: =RAIZ!B1 -> 46301 | D1: SUCURSAL | F1: Suc. Plaza | H1: [ Suc. Plaza - Cantidad ]
A2: PRODUCTO | B2: CODIGO | C2: EXISTENCIA EN SUCURSAL | D2: STOCK DETERMINADO | E2: PROMEDIO DE DISTRIBUCIÓN | F2: PRODUCTO A COMPLETAR | G2: A SURTIR TICKET | H2: MARTES
A3: PIÑA GDE | B3: 02 | C3: =+IFERROR(VLOOKUP($A3,RAIZ!$A$3:$X$1500,MATCH('Suc. Plaza'!$F$1,RAIZ!$A$2:$X$2,0),FALSE),0) -> 0 | D3: 1 | F3: =IF(D3-C3>=0,D3-C3,0) -> 1 | G3: 1
A4: DURAZNO GDE | B4: 04 | C4: =+IFERROR(VLOOKUP($A4,RAIZ!$A$3:$X$1500,MATCH('Suc. Plaza'!$F$1,RAIZ!$A$2:$X$2,0),FALSE),0) -> 0 | D4: 1 | F4: =IF(D4-C4>=0,D4-C4,0) -> 1 | G4: 1
A5: 3 LECHES GDE | B5: 06 | C5: =+IFERROR(VLOOKUP($A5,RAIZ!$A$3:$X$1500,MATCH('Suc. Plaza'!$F$1,RAIZ!$A$2:$X$2,0),FALSE),0) -> 1 | D5: 1 | F5: =IF(D5-C5>=0,D5-C5,0) -> 0
A6: FRUTAS GDE | B6: 03 | C6: =+IFERROR(VLOOKUP($A6,RAIZ!$A$3:$X$1500,MATCH('Suc. Plaza'!$F$1,RAIZ!$A$2:$X$2,0),FALSE),0) -> 2 | D6: 2 | F6: =IF(D6-C6>=0,D6-C6,0) -> 0
A7: DUO DURAZNO GDE | B7: 13 | C7: =+IFERROR(VLOOKUP($A7,RAIZ!$A$3:$X$1500,MATCH('Suc. Plaza'!$F$1,RAIZ!$A$2:$X$2,0),FALSE),0) -> 1 | D7: 1 | F7: =IF(D7-C7>=0,D7-C7,0) -> 0
A8: MOKA GDE | B8: 01 | C8: =+IFERROR(VLOOKUP($A8,RAIZ!$A$3:$X$1500,MATCH('Suc. Plaza'!$F$1,RAIZ!$A$2:$X$2,0),FALSE),0) -> 0 | D8: 1 | F8: =IF(D8-C8>=0,D8-C8,0) -> 1 | G8: 1
A9: NUTELA GDE | B9: 09 | C9: =+IFERROR(VLOOKUP($A9,RAIZ!$A$3:$X$1500,MATCH('Suc. Plaza'!$F$1,RAIZ!$A$2:$X$2,0),FALSE),0) -> 0 | D9: 1 | F9: =IF(D9-C9>=0,D9-C9,0) -> 1 | G9: 1
A10: CHOCOLATE GDE | B10: 07 | C10: =+IFERROR(VLOOKUP($A10,RAIZ!$A$3:$X$1500,MATCH('Suc. Plaza'!$F$1,RAIZ!$A$2:$X$2,0),FALSE),0) -> 0 | D10: 1 | F10: =IF(D10-C10>=0,D10-C10,0) -> 1 | G10: 1
A11: M & M GDE | B11: 36 | C11: =+IFERROR(VLOOKUP($A11,RAIZ!$A$3:$X$1500,MATCH('Suc. Plaza'!$F$1,RAIZ!$A$2:$X$2,0),FALSE),0) -> 0 | D11: 1 | F11: =IF(D11-C11>=0,D11-C11,0) -> 1 | G11: 1
C12: =+IFERROR(VLOOKUP($A12,RAIZ!$A$3:$X$1500,MATCH('Suc. Plaza'!$F$1,RAIZ!$A$2:$X$2,0),FALSE),0) -> 0 | F12: =IF(D12-C12>=0,D12-C12,0) -> 0
C13: =+IFERROR(VLOOKUP($A13,RAIZ!$A$3:$X$1500,MATCH('Suc. Plaza'!$F$1,RAIZ!$A$2:$X$2,0),FALSE),0) -> 0 | F13: =IF(D13-C13>=0,D13-C13,0) -> 0
C14: =+IFERROR(VLOOKUP($A14,RAIZ!$A$3:$X$1500,MATCH('Suc. Plaza'!$F$1,RAIZ!$A$2:$X$2,0),FALSE),0) -> 0 | F14: =IF(D14-C14>=0,D14-C14,0) -> 0
C15: =+IFERROR(VLOOKUP($A15,RAIZ!$A$3:$X$1500,MATCH('Suc. Plaza'!$F$1,RAIZ!$A$2:$X$2,0),FALSE),0) -> 0 | F15: =IF(D15-C15>=0,D15-C15,0) -> 0
C16: =+IFERROR(VLOOKUP($A16,RAIZ!$A$3:$X$1500,MATCH('Suc. Plaza'!$F$1,RAIZ!$A$2:$X$2,0),FALSE),0) -> 0 | F16: =IF(D16-C16>=0,D16-C16,0) -> 0
C17: =+IFERROR(VLOOKUP($A17,RAIZ!$A$3:$X$1500,MATCH('Suc. Plaza'!$F$1,RAIZ!$A$2:$X$2,0),FALSE),0) -> 0 | F17: =IF(D17-C17>=0,D17-C17,0) -> 0
A18: 3 LECHES GRANDES | C18: =SUM(C3:C17) -> 4 | D18: =SUM(D3:D17) -> 10 | E18: =SUM(E3:E17) -> 0 | F18: =SUM(F3:F17) -> 6 | G18: =SUM(G3:G17) -> 6
A19: TRES LECHES MEDIANO | B19: 04M | C19: =+IFERROR(VLOOKUP($A19,RAIZ!$A$3:$X$1500,MATCH('Suc. Plaza'!$F$1,RAIZ!$A$2:$X$2,0),FALSE),0) -> 1 | D19: 1 | F19: =IF(D19-C19>=0,D19-C19,0) -> 0
A20: FRUTAS MED | B20: 23N | C20: =+IFERROR(VLOOKUP($A20,RAIZ!$A$3:$X$1500,MATCH('Suc. Plaza'!$F$1,RAIZ!$A$2:$X$2,0),FALSE),0) -> 1 | D20: 1 | F20: =IF(D20-C20>=0,D20-C20,0) -> 0
A21: DUO DURAZNO MEDIANO | B21: 06M | C21: =+IFERROR(VLOOKUP($A21,RAIZ!$A$3:$X$1500,MATCH('Suc. Plaza'!$F$1,RAIZ!$A$2:$X$2,0),FALSE),0) -> 0 | D21: 1 | F21: =IF(D21-C21>=0,D21-C21,0) -> 1 | G21: 1
A22: PIÑA MED | B22: 08M | C22: =+IFERROR(VLOOKUP($A22,RAIZ!$A$3:$X$1500,MATCH('Suc. Plaza'!$F$1,RAIZ!$A$2:$X$2,0),FALSE),0) -> 1 | D22: 1 | F22: =IF(D22-C22>=0,D22-C22,0) -> 0
A23: CHOCOLATE MED | B23: 24N | C23: =+IFERROR(VLOOKUP($A23,RAIZ!$A$3:$X$1500,MATCH('Suc. Plaza'!$F$1,RAIZ!$A$2:$X$2,0),FALSE),0) -> 0 | D23: 1 | F23: =IF(D23-C23>=0,D23-C23,0) -> 1 | G23: 1
A24: M & M MEDIANO | B24: 07M | C24: =+IFERROR(VLOOKUP($A24,RAIZ!$A$3:$X$1500,MATCH('Suc. Plaza'!$F$1,RAIZ!$A$2:$X$2,0),FALSE),0) -> 0 | D24: 1 | F24: =IF(D24-C24>=0,D24-C24,0) -> 1
A25: MOKA MEDIANO | B25: 01M | C25: =+IFERROR(VLOOKUP($A25,RAIZ!$A$3:$X$1500,MATCH('Suc. Plaza'!$F$1,RAIZ!$A$2:$X$2,0),FALSE),0) -> 1 | D25: 1 | F25: =IF(D25-C25>=0,D25-C25,0) -> 0
C26: =+IFERROR(VLOOKUP($A26,RAIZ!$A$3:$X$1500,MATCH('Suc. Plaza'!$F$1,RAIZ!$A$2:$X$2,0),FALSE),0) -> 0 | D26: 0 | F26: =IF(D26-C26>=0,D26-C26,0) -> 0
C27: =+IFERROR(VLOOKUP($A27,RAIZ!$A$3:$X$1500,MATCH('Suc. Plaza'!$F$1,RAIZ!$A$2:$X$2,0),FALSE),0) -> 0 | F27: =IF(D27-C27>=0,D27-C27,0) -> 0
C28: =+IFERROR(VLOOKUP($A28,RAIZ!$A$3:$X$1500,MATCH('Suc. Plaza'!$F$1,RAIZ!$A$2:$X$2,0),FALSE),0) -> 0 | F28: =IF(D28-C28>=0,D28-C28,0) -> 0
C29: =+IFERROR(VLOOKUP($A29,RAIZ!$A$3:$X$1500,MATCH('Suc. Plaza'!$F$1,RAIZ!$A$2:$X$2,0),FALSE),0) -> 0 | F29: =IF(D29-C29>=0,D29-C29,0) -> 0
C30: =+IFERROR(VLOOKUP($A30,RAIZ!$A$3:$X$1500,MATCH('Suc. Plaza'!$F$1,RAIZ!$A$2:$X$2,0),FALSE),0) -> 0 | F30: =IF(D30-C30>=0,D30-C30,0) -> 0
C31: =+IFERROR(VLOOKUP($A31,RAIZ!$A$3:$X$1500,MATCH('Suc. Plaza'!$F$1,RAIZ!$A$2:$X$2,0),FALSE),0) -> 0 | F31: =IF(D31-C31>=0,D31-C31,0) -> 0
A32: 3 LECHES MEDIANOS | C32: =SUM(C19:C31) -> 4 | D32: =SUM(D19:D31) -> 7 | E32: =SUM(E19:E31) -> 0 | F32: =SUM(F19:F31) -> 3 | G32: =SUM(G19:G31) -> 2
A33: PIÑA CH | B33: 16 | C33: =+IFERROR(VLOOKUP($A33,RAIZ!$A$3:$X$1500,MATCH('Suc. Plaza'!$F$1,RAIZ!$A$2:$X$2,0),FALSE),0) -> 1 | D33: 1 | F33: =IF(D33-C33>=0,D33-C33,0) -> 0
A34: DURAZNO CH | B34: 17 | C34: =+IFERROR(VLOOKUP($A34,RAIZ!$A$3:$X$1500,MATCH('Suc. Plaza'!$F$1,RAIZ!$A$2:$X$2,0),FALSE),0) -> 0 | D34: 1 | F34: =IF(D34-C34>=0,D34-C34,0) -> 1 | G34: 1
A35: FRESA CH | B35: 18 | C35: =+IFERROR(VLOOKUP($A35,RAIZ!$A$3:$X$1500,MATCH('Suc. Plaza'!$F$1,RAIZ!$A$2:$X$2,0),FALSE),0) -> 1 | D35: 1 | F35: =IF(D35-C35>=0,D35-C35,0) -> 0
A36: 3 LECHES CH | B36: 19 | C36: =+IFERROR(VLOOKUP($A36,RAIZ!$A$3:$X$1500,MATCH('Suc. Plaza'!$F$1,RAIZ!$A$2:$X$2,0),FALSE),0) -> 1 | D36: 1 | F36: =IF(D36-C36>=0,D36-C36,0) -> 0
A37: FRUTAS CH | B37: 20 | C37: =+IFERROR(VLOOKUP($A37,RAIZ!$A$3:$X$1500,MATCH('Suc. Plaza'!$F$1,RAIZ!$A$2:$X$2,0),FALSE),0) -> 0 | D37: 1 | F37: =IF(D37-C37>=0,D37-C37,0) -> 1 | G37: 1
A38: MOKA CH | B38: 23 | C38: =+IFERROR(VLOOKUP($A38,RAIZ!$A$3:$X$1500,MATCH('Suc. Plaza'!$F$1,RAIZ!$A$2:$X$2,0),FALSE),0) -> 0 | D38: 1 | F38: =IF(D38-C38>=0,D38-C38,0) -> 1 | G38: 1
A39: NUTELA CH | B39: 28 | C39: =+IFERROR(VLOOKUP($A39,RAIZ!$A$3:$X$1500,MATCH('Suc. Plaza'!$F$1,RAIZ!$A$2:$X$2,0),FALSE),0) -> 1 | D39: 1 | F39: =IF(D39-C39>=0,D39-C39,0) -> 0
A40: CHOCOLATE CH | B40: 25 | C40: =+IFERROR(VLOOKUP($A40,RAIZ!$A$3:$X$1500,MATCH('Suc. Plaza'!$F$1,RAIZ!$A$2:$X$2,0),FALSE),0) -> 0 | D40: 1 | F40: =IF(D40-C40>=0,D40-C40,0) -> 1 | G40: 1
A41: M & M CH | B41: 87 | C41: =+IFERROR(VLOOKUP($A41,RAIZ!$A$3:$X$1500,MATCH('Suc. Plaza'!$F$1,RAIZ!$A$2:$X$2,0),FALSE),0) -> 0 | D41: 1 | F41: =IF(D41-C41>=0,D41-C41,0) -> 1 | G41: 1
C42: =+IFERROR(VLOOKUP($A42,RAIZ!$A$3:$X$1500,MATCH('Suc. Plaza'!$F$1,RAIZ!$A$2:$X$2,0),FALSE),0) -> 0 | F42: =IF(D42-C42>=0,D42-C42,0) -> 0
C43: =+IFERROR(VLOOKUP($A43,RAIZ!$A$3:$X$1500,MATCH('Suc. Plaza'!$F$1,RAIZ!$A$2:$X$2,0),FALSE),0) -> 0 | F43: =IF(D43-C43>=0,D43-C43,0) -> 0
C44: =+IFERROR(VLOOKUP($A44,RAIZ!$A$3:$X$1500,MATCH('Suc. Plaza'!$F$1,RAIZ!$A$2:$X$2,0),FALSE),0) -> 0 | F44: =IF(D44-C44>=0,D44-C44,0) -> 0
C45: =+IFERROR(VLOOKUP($A45,RAIZ!$A$3:$X$1500,MATCH('Suc. Plaza'!$F$1,RAIZ!$A$2:$X$2,0),FALSE),0) -> 0 | F45: =IF(D45-C45>=0,D45-C45,0) -> 0
C46: =+IFERROR(VLOOKUP($A46,RAIZ!$A$3:$X$1500,MATCH('Suc. Plaza'!$F$1,RAIZ!$A$2:$X$2,0),FALSE),0) -> 0 | F46: =IF(D46-C46>=0,D46-C46,0) -> 0
C47: =+IFERROR(VLOOKUP($A47,RAIZ!$A$3:$X$1500,MATCH('Suc. Plaza'!$F$1,RAIZ!$A$2:$X$2,0),FALSE),0) -> 0 | F47: =IF(D47-C47>=0,D47-C47,0) -> 0
C48: =+IFERROR(VLOOKUP($A48,RAIZ!$A$3:$X$1500,MATCH('Suc. Plaza'!$F$1,RAIZ!$A$2:$X$2,0),FALSE),0) -> 0 | F48: =IF(D48-C48>=0,D48-C48,0) -> 0
A49: 3 LECHES CHICOS | C49: =SUM(C33:C48) -> 4 | D49: =SUM(D33:D48) -> 9 | E49: =SUM(E33:E48) -> 0 | F49: =SUM(F33:F48) -> 5 | G49: =SUM(G33:G48) -> 5
A50: MINI MEDIANO PIÑERO | B50: 58 | C50: =+IFERROR(VLOOKUP($A50,RAIZ!$A$3:$X$1500,MATCH('Suc. Plaza'!$F$1,RAIZ!$A$2:$X$2,0),FALSE),0) -> 4 | D50: 5 | E50: no repetir sabores / si pueden preguntar a la sucursal mejor | F50: =IF(D50-C50>=0,D50-C50,0) -> 1 | G50: 1
A51: MINI MEDIANO CHOCOLATE | B51: 60 | C51: =+IFERROR(VLOOKUP($A51,RAIZ!$A$3:$X$1500,MATCH('Suc. Plaza'!$F$1,RAIZ!$A$2:$X$2,0),FALSE),0) -> 4 | D51: 5 | F51: =IF(D51-C51>=0,D51-C51,0) -> 1 | G51: 1
A52: MINI MEDIANOS 3 LECHES | C52: =SUM(C50:C51) -> 8 | D52: =SUM(D50:D51) -> 10 | E52: =SUM(E50:E51) -> 0 | F52: =SUM(F50:F51) -> 2 | G52: =SUM(G50:G51) -> 2
A53: MINI PASTELITO PIÑERO | B53: 59 | C53: =+IFERROR(VLOOKUP($A53,RAIZ!$A$3:$X$1500,MATCH('Suc. Plaza'!$F$1,RAIZ!$A$2:$X$2,0),FALSE),0) -> 1 | D53: 2 | E53: no repetir sabores / si pueden preguntar a la sucursal mejor | F53: =IF(D53-C53>=0,D53-C53,0) -> 1 | G53: 1
A54: MINI PASTELITO CHOCOLATE | B54: 61 | C54: =+IFERROR(VLOOKUP($A54,RAIZ!$A$3:$X$1500,MATCH('Suc. Plaza'!$F$1,RAIZ!$A$2:$X$2,0),FALSE),0) -> 1 | D54: 2 | F54: =IF(D54-C54>=0,D54-C54,0) -> 1 | G54: 1
A55: MINI MINI 3 LECHES | C55: =SUM(C53:C54) -> 2 | D55: =SUM(D53:D54) -> 4 | E55: =SUM(E53:E54) -> 0 | F55: =SUM(F53:F54) -> 2 | G55: =SUM(G53:G54) -> 2
A56: 3 LECHES QUESO GDE | B56: 30 | C56: =+IFERROR(VLOOKUP($A56,RAIZ!$A$3:$X$1500,MATCH('Suc. Plaza'!$F$1,RAIZ!$A$2:$X$2,0),FALSE),0) -> 1 | D56: 1 | F56: =IF(D56-C56>=0,D56-C56,0) -> 0
A57: 3 LECHES QUESO CH | B57: 30CH | C57: =+IFERROR(VLOOKUP($A57,RAIZ!$A$3:$X$1500,MATCH('Suc. Plaza'!$F$1,RAIZ!$A$2:$X$2,0),FALSE),0) -> 2 | D57: 2 | F57: =IF(D57-C57>=0,D57-C57,0) -> 0
A58: SELVA NEGRA CH | B58: 31CH | C58: =+IFERROR(VLOOKUP($A58,RAIZ!$A$3:$X$1500,MATCH('Suc. Plaza'!$F$1,RAIZ!$A$2:$X$2,0),FALSE),0) -> 1 | D58: 1 | F58: =IF(D58-C58>=0,D58-C58,0) -> 0
A59: CHOCOQUESO | B59: 32 | C59: =+IFERROR(VLOOKUP($A59,RAIZ!$A$3:$X$1500,MATCH('Suc. Plaza'!$F$1,RAIZ!$A$2:$X$2,0),FALSE),0) -> 1 | D59: 1 | F59: =IF(D59-C59>=0,D59-C59,0) -> 0
A60: CHOCOQUESO CH | B60: 32CH | C60: =+IFERROR(VLOOKUP($A60,RAIZ!$A$3:$X$1500,MATCH('Suc. Plaza'!$F$1,RAIZ!$A$2:$X$2,0),FALSE),0) -> 1 | D60: 2 | F60: =IF(D60-C60>=0,D60-C60,0) -> 1
A61: RED VELVET CHEESE CAKE GDE | B61: N01 | C61: =+IFERROR(VLOOKUP($A61,RAIZ!$A$3:$X$1500,MATCH('Suc. Plaza'!$F$1,RAIZ!$A$2:$X$2,0),FALSE),0) -> 0 | D61: 1 | F61: =IF(D61-C61>=0,D61-C61,0) -> 1
A62: RED VELVET CHEESE CAKE MINI MEDIANO | B62: N02 | C62: =+IFERROR(VLOOKUP($A62,RAIZ!$A$3:$X$1500,MATCH('Suc. Plaza'!$F$1,RAIZ!$A$2:$X$2,0),FALSE),0) -> 1 | D62: 1 | F62: =IF(D62-C62>=0,D62-C62,0) -> 0
A63: CHESSECAKE GDE | B63: 37 | C63: =+IFERROR(VLOOKUP($A63,RAIZ!$A$3:$X$1500,MATCH('Suc. Plaza'!$F$1,RAIZ!$A$2:$X$2,0),FALSE),0) -> 0 | D63: 0 | F63: =IF(D63-C63>=0,D63-C63,0) -> 0
A64: CHESSECAKE MINIMED | B64: 62 | C64: =+IFERROR(VLOOKUP($A64,RAIZ!$A$3:$X$1500,MATCH('Suc. Plaza'!$F$1,RAIZ!$A$2:$X$2,0),FALSE),0) -> 3 | D64: 3 | F64: =IF(D64-C64>=0,D64-C64,0) -> 0 | G64: 0
A65: CHESSECAKE PETIT | B65: 63 | C65: =+IFERROR(VLOOKUP($A65,RAIZ!$A$3:$X$1500,MATCH('Suc. Plaza'!$F$1,RAIZ!$A$2:$X$2,0),FALSE),0) -> 3 | D65: 4 | F65: =IF(D65-C65>=0,D65-C65,0) -> 1 | G65: 1
A66: ZANAHORIA GDE | B66: 15 | C66: =+IFERROR(VLOOKUP($A66,RAIZ!$A$3:$X$1500,MATCH('Suc. Plaza'!$F$1,RAIZ!$A$2:$X$2,0),FALSE),0) -> 1 | D66: 1 | F66: =IF(D66-C66>=0,D66-C66,0) -> 0
A67: ZANAHORIA CH | B67: 29 | C67: =+IFERROR(VLOOKUP($A67,RAIZ!$A$3:$X$1500,MATCH('Suc. Plaza'!$F$1,RAIZ!$A$2:$X$2,0),FALSE),0) -> 1 | D67: 1 | F67: =IF(D67-C67>=0,D67-C67,0) -> 0
A68: ZANAHORIA PETIT | B68: 67 | C68: =+IFERROR(VLOOKUP($A68,RAIZ!$A$3:$X$1500,MATCH('Suc. Plaza'!$F$1,RAIZ!$A$2:$X$2,0),FALSE),0) -> 1 | D68: 3 | F68: =IF(D68-C68>=0,D68-C68,0) -> 2 | G68: 2
A69: ROSCA C/CAJETA | B69: 78 | C69: =+IFERROR(VLOOKUP($A69,RAIZ!$A$3:$X$1500,MATCH('Suc. Plaza'!$F$1,RAIZ!$A$2:$X$2,0),FALSE),0) -> 0 | D69: 1 | F69: =IF(D69-C69>=0,D69-C69,0) -> 1
A70: CAJITA DE TRES LECHES | B70: C3L | C70: =+IFERROR(VLOOKUP($A70,RAIZ!$A$3:$X$1500,MATCH('Suc. Plaza'!$F$1,RAIZ!$A$2:$X$2,0),FALSE),0) -> 3 | D70: 3 | F70: =IF(D70-C70>=0,D70-C70,0) -> 0
A71: CHOCOFLAN MINI MEDIANO | B71: 64 | C71: =+IFERROR(VLOOKUP($A71,RAIZ!$A$3:$X$1500,MATCH('Suc. Plaza'!$F$1,RAIZ!$A$2:$X$2,0),FALSE),0) -> 2 | D71: 2 | F71: =IF(D71-C71>=0,D71-C71,0) -> 0
A72: MINI DELICIA KINDER | B72: 02MD | C72: =+IFERROR(VLOOKUP($A72,RAIZ!$A$3:$X$1500,MATCH('Suc. Plaza'!$F$1,RAIZ!$A$2:$X$2,0),FALSE),0) -> 0 | D72: 3 | F72: =IF(D72-C72>=0,D72-C72,0) -> 3
C73: =+IFERROR(VLOOKUP($A73,RAIZ!$A$3:$X$1500,MATCH('Suc. Plaza'!$F$1,RAIZ!$A$2:$X$2,0),FALSE),0) -> 0 | F73: =IF(D73-C73>=0,D73-C73,0) -> 0
C74: =+IFERROR(VLOOKUP($A74,RAIZ!$A$3:$X$1500,MATCH('Suc. Plaza'!$F$1,RAIZ!$A$2:$X$2,0),FALSE),0) -> 0 | F74: =IF(D74-C74>=0,D74-C74,0) -> 0
C75: =+IFERROR(VLOOKUP($A75,RAIZ!$A$3:$X$1500,MATCH('Suc. Plaza'!$F$1,RAIZ!$A$2:$X$2,0),FALSE),0) -> 0 | F75: =IF(D75-C75>=0,D75-C75,0) -> 0
C76: =+IFERROR(VLOOKUP($A76,RAIZ!$A$3:$X$1500,MATCH('Suc. Plaza'!$F$1,RAIZ!$A$2:$X$2,0),FALSE),0) -> 0 | F76: =IF(D76-C76>=0,D76-C76,0) -> 0
C77: =+IFERROR(VLOOKUP($A77,RAIZ!$A$3:$X$1500,MATCH('Suc. Plaza'!$F$1,RAIZ!$A$2:$X$2,0),FALSE),0) -> 0 | F77: =IF(D77-C77>=0,D77-C77,0) -> 0
A78: ESPECIALIDAD | C78: =SUM(C56:C77) -> 21 | D78: =SUM(D56:D77) -> 30 | E78: =SUM(E56:E77) -> 0 | F78: =SUM(F56:F77) -> 9 | G78: =SUM(G56:G77) -> 3
A79: Total Area | C79: =C18+C32+C49+C52+C55+C78 -> 43 | D79: =D18+D32+D49+D52+D55+D78 -> 70 | E79: =E18+E32+E49+E52+E55+E78 -> 0 | F79: =F18+F32+F49+F52+F55+F78 -> 27 | G79: =G18+G32+G49+G52+G55+G78 -> 20
A80: VAINILLAS
A81: VAINILLA MARMOLEADO | B81: 91 | C81: =+IFERROR(VLOOKUP($A81,RAIZ!$A$3:$X$1500,MATCH('Suc. Plaza'!$F$1,RAIZ!$A$2:$X$2,0),FALSE),0) -> 1 | D81: 1 | F81: =IF(D81-C81>=0,D81-C81,0) -> 0
A82: VAINILLA NARANJA | B82: 92 | C82: =+IFERROR(VLOOKUP($A82,RAIZ!$A$3:$X$1500,MATCH('Suc. Plaza'!$F$1,RAIZ!$A$2:$X$2,0),FALSE),0) -> 1 | D82: 1 | F82: =IF(D82-C82>=0,D82-C82,0) -> 0
A83: PLANCHA 1/4 | B83: 21N | C83: =+IFERROR(VLOOKUP($A83,RAIZ!$A$3:$X$1500,MATCH('Suc. Plaza'!$F$1,RAIZ!$A$2:$X$2,0),FALSE),0) -> 0 | D83: 1 | F83: =IF(D83-C83>=0,D83-C83,0) -> 1 | G83: 1
A84: PLANCHA DE VAINILLA | B84: 70 | C84: =+IFERROR(VLOOKUP($A84,RAIZ!$A$3:$X$1500,MATCH('Suc. Plaza'!$F$1,RAIZ!$A$2:$X$2,0),FALSE),0) -> 0 | D84: 0 | F84: =IF(D84-C84>=0,D84-C84,0) -> 0
A85: VAINILLA NATURAL | B85: 74 | C85: =+IFERROR(VLOOKUP($A85,RAIZ!$A$3:$X$1500,MATCH('Suc. Plaza'!$F$1,RAIZ!$A$2:$X$2,0),FALSE),0) -> 0 | D85: 1 | F85: =IF(D85-C85>=0,D85-C85,0) -> 1 | G85: 1
A86: PETIT DECORADO | B86: 69 | C86: =+IFERROR(VLOOKUP($A86,RAIZ!$A$3:$X$1500,MATCH('Suc. Plaza'!$F$1,RAIZ!$A$2:$X$2,0),FALSE),0) -> 0 | D86: 2 | F86: =IF(D86-C86>=0,D86-C86,0) -> 2 | G86: 2
B87: 323 | C87: =+IFERROR(VLOOKUP($A87,RAIZ!$A$3:$X$1500,MATCH('Suc. Plaza'!$F$1,RAIZ!$A$2:$X$2,0),FALSE),0) -> 0 | F87: =IF(D87-C87>=0,D87-C87,0) -> 0
B88: 216 | C88: =+IFERROR(VLOOKUP($A88,RAIZ!$A$3:$X$1500,MATCH('Suc. Plaza'!$F$1,RAIZ!$A$2:$X$2,0),FALSE),0) -> 0 | F88: =IF(D88-C88>=0,D88-C88,0) -> 0
B89: 215 | C89: =+IFERROR(VLOOKUP($A89,RAIZ!$A$3:$X$1500,MATCH('Suc. Plaza'!$F$1,RAIZ!$A$2:$X$2,0),FALSE),0) -> 0 | F89: =IF(D89-C89>=0,D89-C89,0) -> 0
B90: 321 | C90: =+IFERROR(VLOOKUP($A90,RAIZ!$A$3:$X$1500,MATCH('Suc. Plaza'!$F$1,RAIZ!$A$2:$X$2,0),FALSE),0) -> 0 | F90: =IF(D90-C90>=0,D90-C90,0) -> 0
A91: Total Area | C91: =SUM(C81:C90) -> 2 | D91: =SUM(D81:D90) -> 6 | E91: =SUM(E81:E90) -> 0 | F91: =SUM(F81:F90) -> 4 | G91: =SUM(G81:G90) -> 4
A92: GELATINAS
A93: GELATINA FRESA GDE | B93: 40 | C93: =+IFERROR(VLOOKUP($A93,RAIZ!$A$3:$X$1500,MATCH('Suc. Plaza'!$F$1,RAIZ!$A$2:$X$2,0),FALSE),0) -> 1 | D93: 2 | F93: =IF(D93-C93>=0,D93-C93,0) -> 1 | G93: 1
A94: GELATINA MOSAICO GDE | B94: 44 | C94: =+IFERROR(VLOOKUP($A94,RAIZ!$A$3:$X$1500,MATCH('Suc. Plaza'!$F$1,RAIZ!$A$2:$X$2,0),FALSE),0) -> 1 | D94: 1 | F94: =IF(D94-C94>=0,D94-C94,0) -> 0
A95: GELATINA MOSAICO CH | B95: 45 | C95: =+IFERROR(VLOOKUP($A95,RAIZ!$A$3:$X$1500,MATCH('Suc. Plaza'!$F$1,RAIZ!$A$2:$X$2,0),FALSE),0) -> 1 | D95: 1 | F95: =IF(D95-C95>=0,D95-C95,0) -> 0
A96: GELATINA IND FRESA | B96: 48 | C96: =+IFERROR(VLOOKUP($A96,RAIZ!$A$3:$X$1500,MATCH('Suc. Plaza'!$F$1,RAIZ!$A$2:$X$2,0),FALSE),0) -> 7 | D96: 10 | F96: =IF(D96-C96>=0,D96-C96,0) -> 3 | G96: 3
A97: GELATINA IND MOSAICO | B97: 49 | C97: =+IFERROR(VLOOKUP($A97,RAIZ!$A$3:$X$1500,MATCH('Suc. Plaza'!$F$1,RAIZ!$A$2:$X$2,0),FALSE),0) -> 5 | D97: 5 | F97: =IF(D97-C97>=0,D97-C97,0) -> 0
A98: GELATINA PROMO $90 | B98: 10B | C98: =+IFERROR(VLOOKUP($A98,RAIZ!$A$3:$X$1500,MATCH('Suc. Plaza'!$F$1,RAIZ!$A$2:$X$2,0),FALSE),0) -> 5 | D98: 3 | E98: 7 | F98: =IF(D98-C98>=0,D98-C98,0) -> 0
A99: GELATINA FRESA $150 | B99: 01GE | C99: =+IFERROR(VLOOKUP($A99,RAIZ!$A$3:$X$1500,MATCH('Suc. Plaza'!$F$1,RAIZ!$A$2:$X$2,0),FALSE),0) -> 2 | D99: 3 | F99: =IF(D99-C99>=0,D99-C99,0) -> 1 | G99: 1
A100: Gelatina de promocion semana santa | B100: 211 | C100: =+IFERROR(VLOOKUP($A100,RAIZ!$A$3:$X$1500,MATCH('Suc. Plaza'!$F$1,RAIZ!$A$2:$X$2,0),FALSE),0) -> 7 | D100: 25 | F100: =IF(D100-C100>=0,D100-C100,0) -> 18 | G100: 18
...

Sheet San Cayetano
A1: =RAIZ!B1 -> 46301 | D1: SUCURSAL | F1: San Cayetano | H1: [ San Cayetano - Cantidad ]
A2: PRODUCTO | B2: CODIGO | C2: EXISTENCIA EN SUCURSAL | D2: STOCK DETERMINADO | E2: PROMEDIO DE DISTRIBUCIÓN | F2: PRODUCTO A COMPLETAR | G2: A SURTIR TICKET | H2: MARTES
A3: PIÑA GDE | B3: 02 | C3: =+IFERROR(VLOOKUP($A3,RAIZ!$A$3:$X$1500,MATCH('San Cayetano'!$F$1,RAIZ!$A$2:$X$2,0),FALSE),0) -> 2 | D3: 2 | F3: =IF(D3-C3>=0,D3-C3,0) -> 0
A4: DURAZNO GDE | B4: 04 | C4: =+IFERROR(VLOOKUP($A4,RAIZ!$A$3:$X$1500,MATCH('San Cayetano'!$F$1,RAIZ!$A$2:$X$2,0),FALSE),0) -> 2 | D4: 2 | F4: =IF(D4-C4>=0,D4-C4,0) -> 0
A5: 3 LECHES GDE | B5: 06 | C5: =+IFERROR(VLOOKUP($A5,RAIZ!$A$3:$X$1500,MATCH('San Cayetano'!$F$1,RAIZ!$A$2:$X$2,0),FALSE),0) -> 1 | D5: 2 | F5: =IF(D5-C5>=0,D5-C5,0) -> 1 | G5: 1
A6: FRUTAS GDE | B6: 03 | C6: =+IFERROR(VLOOKUP($A6,RAIZ!$A$3:$X$1500,MATCH('San Cayetano'!$F$1,RAIZ!$A$2:$X$2,0),FALSE),0) -> 2 | D6: 4 | F6: =IF(D6-C6>=0,D6-C6,0) -> 2 | G6: 2
A7: DUO DURAZNO GDE | B7: 13 | C7: =+IFERROR(VLOOKUP($A7,RAIZ!$A$3:$X$1500,MATCH('San Cayetano'!$F$1,RAIZ!$A$2:$X$2,0),FALSE),0) -> 1 | D7: 2 | F7: =IF(D7-C7>=0,D7-C7,0) -> 1 | G7: 1
A8: MOKA GDE | B8: 01 | C8: =+IFERROR(VLOOKUP($A8,RAIZ!$A$3:$X$1500,MATCH('San Cayetano'!$F$1,RAIZ!$A$2:$X$2,0),FALSE),0) -> 2 | D8: 3 | F8: =IF(D8-C8>=0,D8-C8,0) -> 1 | G8: 1
A9: NUTELA GDE | B9: 09 | C9: =+IFERROR(VLOOKUP($A9,RAIZ!$A$3:$X$1500,MATCH('San Cayetano'!$F$1,RAIZ!$A$2:$X$2,0),FALSE),0) -> 2 | D9: 2 | F9: =IF(D9-C9>=0,D9-C9,0) -> 0
A10: CHOCOLATE GDE | B10: 07 | C10: =+IFERROR(VLOOKUP($A10,RAIZ!$A$3:$X$1500,MATCH('San Cayetano'!$F$1,RAIZ!$A$2:$X$2,0),FALSE),0) -> 2 | D10: 2 | F10: =IF(D10-C10>=0,D10-C10,0) -> 0
A11: M & M GDE | B11: 36 | C11: =+IFERROR(VLOOKUP($A11,RAIZ!$A$3:$X$1500,MATCH('San Cayetano'!$F$1,RAIZ!$A$2:$X$2,0),FALSE),0) -> 2 | D11: 2 | F11: =IF(D11-C11>=0,D11-C11,0) -> 0
C12: =+IFERROR(VLOOKUP($A12,RAIZ!$A$3:$X$1500,MATCH('San Cayetano'!$F$1,RAIZ!$A$2:$X$2,0),FALSE),0) -> 0 | F12: =IF(D12-C12>=0,D12-C12,0) -> 0
C13: =+IFERROR(VLOOKUP($A13,RAIZ!$A$3:$X$1500,MATCH('San Cayetano'!$F$1,RAIZ!$A$2:$X$2,0),FALSE),0) -> 0 | F13: =IF(D13-C13>=0,D13-C13,0) -> 0
C14: =+IFERROR(VLOOKUP($A14,RAIZ!$A$3:$X$1500,MATCH('San Cayetano'!$F$1,RAIZ!$A$2:$X$2,0),FALSE),0) -> 0 | F14: =IF(D14-C14>=0,D14-C14,0) -> 0
C15: =+IFERROR(VLOOKUP($A15,RAIZ!$A$3:$X$1500,MATCH('San Cayetano'!$F$1,RAIZ!$A$2:$X$2,0),FALSE),0) -> 0 | F15: =IF(D15-C15>=0,D15-C15,0) -> 0
C16: =+IFERROR(VLOOKUP($A16,RAIZ!$A$3:$X$1500,MATCH('San Cayetano'!$F$1,RAIZ!$A$2:$X$2,0),FALSE),0) -> 0 | F16: =IF(D16-C16>=0,D16-C16,0) -> 0
C17: =+IFERROR(VLOOKUP($A17,RAIZ!$A$3:$X$1500,MATCH('San Cayetano'!$F$1,RAIZ!$A$2:$X$2,0),FALSE),0) -> 0 | F17: =IF(D17-C17>=0,D17-C17,0) -> 0
A18: 3 LECHES GRANDES | C18: =SUM(C3:C17) -> 16 | D18: =SUM(D3:D17) -> 21 | E18: =SUM(E3:E17) -> 0 | F18: =SUM(F3:F17) -> 5 | G18: =SUM(G3:G17) -> 5
A19: TRES LECHES MEDIANO | B19: 04M | C19: =+IFERROR(VLOOKUP($A19,RAIZ!$A$3:$X$1500,MATCH('San Cayetano'!$F$1,RAIZ!$A$2:$X$2,0),FALSE),0) -> 2 | D19: 2 | F19: =IF(D19-C19>=0,D19-C19,0) -> 0
A20: FRUTAS MED | B20: 23N | C20: =+IFERROR(VLOOKUP($A20,RAIZ!$A$3:$X$1500,MATCH('San Cayetano'!$F$1,RAIZ!$A$2:$X$2,0),FALSE),0) -> 3 | D20: 4 | F20: =IF(D20-C20>=0,D20-C20,0) -> 1 | G20: 1
A21: DUO DURAZNO MEDIANO | B21: 06M | C21: =+IFERROR(VLOOKUP($A21,RAIZ!$A$3:$X$1500,MATCH('San Cayetano'!$F$1,RAIZ!$A$2:$X$2,0),FALSE),0) -> 2 | D21: 2 | F21: =IF(D21-C21>=0,D21-C21,0) -> 0
A22: PIÑA MED | B22: 08M | C22: =+IFERROR(VLOOKUP($A22,RAIZ!$A$3:$X$1500,MATCH('San Cayetano'!$F$1,RAIZ!$A$2:$X$2,0),FALSE),0) -> 2 | D22: 2 | F22: =IF(D22-C22>=0,D22-C22,0) -> 0
A23: CHOCOLATE MED | B23: 24N | C23: =+IFERROR(VLOOKUP($A23,RAIZ!$A$3:$X$1500,MATCH('San Cayetano'!$F$1,RAIZ!$A$2:$X$2,0),FALSE),0) -> 2 | D23: 2 | F23: =IF(D23-C23>=0,D23-C23,0) -> 0
A24: M & M MEDIANO | B24: 07M | C24: =+IFERROR(VLOOKUP($A24,RAIZ!$A$3:$X$1500,MATCH('San Cayetano'!$F$1,RAIZ!$A$2:$X$2,0),FALSE),0) -> 2 | D24: 2 | F24: =IF(D24-C24>=0,D24-C24,0) -> 0
A25: MOKA MEDIANO | B25: 01M | C25: =+IFERROR(VLOOKUP($A25,RAIZ!$A$3:$X$1500,MATCH('San Cayetano'!$F$1,RAIZ!$A$2:$X$2,0),FALSE),0) -> 2 | D25: 4 | F25: =IF(D25-C25>=0,D25-C25,0) -> 2 | G25: 2
C26: =+IFERROR(VLOOKUP($A26,RAIZ!$A$3:$X$1500,MATCH('San Cayetano'!$F$1,RAIZ!$A$2:$X$2,0),FALSE),0) -> 0 | F26: =IF(D26-C26>=0,D26-C26,0) -> 0
C27: =+IFERROR(VLOOKUP($A27,RAIZ!$A$3:$X$1500,MATCH('San Cayetano'!$F$1,RAIZ!$A$2:$X$2,0),FALSE),0) -> 0 | F27: =IF(D27-C27>=0,D27-C27,0) -> 0
C28: =+IFERROR(VLOOKUP($A28,RAIZ!$A$3:$X$1500,MATCH('San Cayetano'!$F$1,RAIZ!$A$2:$X$2,0),FALSE),0) -> 0 | F28: =IF(D28-C28>=0,D28-C28,0) -> 0
C29: =+IFERROR(VLOOKUP($A29,RAIZ!$A$3:$X$1500,MATCH('San Cayetano'!$F$1,RAIZ!$A$2:$X$2,0),FALSE),0) -> 0 | F29: =IF(D29-C29>=0,D29-C29,0) -> 0
C30: =+IFERROR(VLOOKUP($A30,RAIZ!$A$3:$X$1500,MATCH('San Cayetano'!$F$1,RAIZ!$A$2:$X$2,0),FALSE),0) -> 0 | F30: =IF(D30-C30>=0,D30-C30,0) -> 0
C31: =+IFERROR(VLOOKUP($A31,RAIZ!$A$3:$X$1500,MATCH('San Cayetano'!$F$1,RAIZ!$A$2:$X$2,0),FALSE),0) -> 0 | F31: =IF(D31-C31>=0,D31-C31,0) -> 0
A32: 3 LECHES MEDIANOS | C32: =SUM(C19:C31) -> 15 | D32: =SUM(D19:D31) -> 18 | E32: =SUM(E19:E31) -> 0 | F32: =SUM(F19:F31) -> 3 | G32: =SUM(G19:G31) -> 3
A33: PIÑA CH | B33: 16 | C33: =+IFERROR(VLOOKUP($A33,RAIZ!$A$3:$X$1500,MATCH('San Cayetano'!$F$1,RAIZ!$A$2:$X$2,0),FALSE),0) -> 2 | D33: 2 | F33: =IF(D33-C33>=0,D33-C33,0) -> 0
A34: DURAZNO CH | B34: 17 | C34: =+IFERROR(VLOOKUP($A34,RAIZ!$A$3:$X$1500,MATCH('San Cayetano'!$F$1,RAIZ!$A$2:$X$2,0),FALSE),0) -> 1 | D34: 2 | F34: =IF(D34-C34>=0,D34-C34,0) -> 1 | G34: 1
A35: FRESA CH | B35: 18 | C35: =+IFERROR(VLOOKUP($A35,RAIZ!$A$3:$X$1500,MATCH('San Cayetano'!$F$1,RAIZ!$A$2:$X$2,0),FALSE),0) -> 1 | D35: 1 | F35: =IF(D35-C35>=0,D35-C35,0) -> 0
A36: 3 LECHES CH | B36: 19 | C36: =+IFERROR(VLOOKUP($A36,RAIZ!$A$3:$X$1500,MATCH('San Cayetano'!$F$1,RAIZ!$A$2:$X$2,0),FALSE),0) -> 1 | D36: 2 | F36: =IF(D36-C36>=0,D36-C36,0) -> 1 | G36: 1
A37: FRUTAS CH | B37: 20 | C37: =+IFERROR(VLOOKUP($A37,RAIZ!$A$3:$X$1500,MATCH('San Cayetano'!$F$1,RAIZ!$A$2:$X$2,0),FALSE),0) -> 3 | D37: 3 | F37: =IF(D37-C37>=0,D37-C37,0) -> 0
A38: MOKA CH | B38: 23 | C38: =+IFERROR(VLOOKUP($A38,RAIZ!$A$3:$X$1500,MATCH('San Cayetano'!$F$1,RAIZ!$A$2:$X$2,0),FALSE),0) -> 3 | D38: 3 | F38: =IF(D38-C38>=0,D38-C38,0) -> 0
A39: NUTELA CH | B39: 28 | C39: =+IFERROR(VLOOKUP($A39,RAIZ!$A$3:$X$1500,MATCH('San Cayetano'!$F$1,RAIZ!$A$2:$X$2,0),FALSE),0) -> 2 | D39: 2 | F39: =IF(D39-C39>=0,D39-C39,0) -> 0
A40: CHOCOLATE CH | B40: 25 | C40: =+IFERROR(VLOOKUP($A40,RAIZ!$A$3:$X$1500,MATCH('San Cayetano'!$F$1,RAIZ!$A$2:$X$2,0),FALSE),0) -> 2 | D40: 2 | F40: =IF(D40-C40>=0,D40-C40,0) -> 0
A41: M & M CH | B41: 87 | C41: =+IFERROR(VLOOKUP($A41,RAIZ!$A$3:$X$1500,MATCH('San Cayetano'!$F$1,RAIZ!$A$2:$X$2,0),FALSE),0) -> 1 | D41: 2 | F41: =IF(D41-C41>=0,D41-C41,0) -> 1 | G41: 1
C42: =+IFERROR(VLOOKUP($A42,RAIZ!$A$3:$X$1500,MATCH('San Cayetano'!$F$1,RAIZ!$A$2:$X$2,0),FALSE),0) -> 0 | F42: =IF(D42-C42>=0,D42-C42,0) -> 0
C43: =+IFERROR(VLOOKUP($A43,RAIZ!$A$3:$X$1500,MATCH('San Cayetano'!$F$1,RAIZ!$A$2:$X$2,0),FALSE),0) -> 0 | F43: =IF(D43-C43>=0,D43-C43,0) -> 0
C44: =+IFERROR(VLOOKUP($A44,RAIZ!$A$3:$X$1500,MATCH('San Cayetano'!$F$1,RAIZ!$A$2:$X$2,0),FALSE),0) -> 0 | F44: =IF(D44-C44>=0,D44-C44,0) -> 0
C45: =+IFERROR(VLOOKUP($A45,RAIZ!$A$3:$X$1500,MATCH('San Cayetano'!$F$1,RAIZ!$A$2:$X$2,0),FALSE),0) -> 0 | F45: =IF(D45-C45>=0,D45-C45,0) -> 0
C46: =+IFERROR(VLOOKUP($A46,RAIZ!$A$3:$X$1500,MATCH('San Cayetano'!$F$1,RAIZ!$A$2:$X$2,0),FALSE),0) -> 0 | F46: =IF(D46-C46>=0,D46-C46,0) -> 0
C47: =+IFERROR(VLOOKUP($A47,RAIZ!$A$3:$X$1500,MATCH('San Cayetano'!$F$1,RAIZ!$A$2:$X$2,0),FALSE),0) -> 0 | F47: =IF(D47-C47>=0,D47-C47,0) -> 0
C48: =+IFERROR(VLOOKUP($A48,RAIZ!$A$3:$X$1500,MATCH('San Cayetano'!$F$1,RAIZ!$A$2:$X$2,0),FALSE),0) -> 0 | F48: =IF(D48-C48>=0,D48-C48,0) -> 0
A49: 3 LECHES CHICOS | C49: =SUM(C33:C48) -> 16 | D49: =SUM(D33:D48) -> 19 | E49: =SUM(E33:E48) -> 0 | F49: =SUM(F33:F48) -> 3 | G49: =SUM(G33:G48) -> 3
A50: MINI MEDIANO PIÑERO | B50: 58 | C50: =+IFERROR(VLOOKUP($A50,RAIZ!$A$3:$X$1500,MATCH('San Cayetano'!$F$1,RAIZ!$A$2:$X$2,0),FALSE),0) -> 6 | D50: 6 | F50: =IF(D50-C50>=0,D50-C50,0) -> 0
A51: MINI MEDIANO CHOCOLATE | B51: 60 | C51: =+IFERROR(VLOOKUP($A51,RAIZ!$A$3:$X$1500,MATCH('San Cayetano'!$F$1,RAIZ!$A$2:$X$2,0),FALSE),0) -> 3 | D51: 6 | F51: =IF(D51-C51>=0,D51-C51,0) -> 3 | G51: 3
A52: MINI MEDIANOS 3 LECHES | C52: =SUM(C50:C51) -> 9 | D52: =SUM(D50:D51) -> 12 | E52: =SUM(E50:E51) -> 0 | F52: =SUM(F50:F51) -> 3 | G52: =SUM(G50:G51) -> 3
A53: MINI PASTELITO PIÑERO | B53: 59 | C53: =+IFERROR(VLOOKUP($A53,RAIZ!$A$3:$X$1500,MATCH('San Cayetano'!$F$1,RAIZ!$A$2:$X$2,0),FALSE),0) -> 2 | D53: 6 | F53: =IF(D53-C53>=0,D53-C53,0) -> 4 | G53: 4
A54: MINI PASTELITO CHOCOLATE | B54: 61 | C54: =+IFERROR(VLOOKUP($A54,RAIZ!$A$3:$X$1500,MATCH('San Cayetano'!$F$1,RAIZ!$A$2:$X$2,0),FALSE),0) -> 3 | D54: 6 | F54: =IF(D54-C54>=0,D54-C54,0) -> 3 | G54: 3
A55: MINI MINI 3 LECHES | C55: =SUM(C53:C54) -> 5 | D55: =SUM(D53:D54) -> 12 | E55: =SUM(E53:E54) -> 0 | F55: =SUM(F53:F54) -> 7 | G55: =SUM(G53:G54) -> 7
A56: 3 LECHES QUESO GDE | B56: 30 | C56: =+IFERROR(VLOOKUP($A56,RAIZ!$A$3:$X$1500,MATCH('San Cayetano'!$F$1,RAIZ!$A$2:$X$2,0),FALSE),0) -> 1 | D56: 1 | F56: =IF(D56-C56>=0,D56-C56,0) -> 0
A57: 3 LECHES QUESO CH | B57: 30CH | C57: =+IFERROR(VLOOKUP($A57,RAIZ!$A$3:$X$1500,MATCH('San Cayetano'!$F$1,RAIZ!$A$2:$X$2,0),FALSE),0) -> 1 | D57: 1 | F57: =IF(D57-C57>=0,D57-C57,0) -> 0
A58: SELVA NEGRA CH | B58: 31CH | C58: =+IFERROR(VLOOKUP($A58,RAIZ!$A$3:$X$1500,MATCH('San Cayetano'!$F$1,RAIZ!$A$2:$X$2,0),FALSE),0) -> 1 | D58: 1 | F58: =IF(D58-C58>=0,D58-C58,0) -> 0
A59: CHOCOQUESO | B59: 32 | C59: =+IFERROR(VLOOKUP($A59,RAIZ!$A$3:$X$1500,MATCH('San Cayetano'!$F$1,RAIZ!$A$2:$X$2,0),FALSE),0) -> 1 | D59: 1 | F59: =IF(D59-C59>=0,D59-C59,0) -> 0
A60: CHOCOQUESO CH | B60: 32CH | C60: =+IFERROR(VLOOKUP($A60,RAIZ!$A$3:$X$1500,MATCH('San Cayetano'!$F$1,RAIZ!$A$2:$X$2,0),FALSE),0) -> 1 | D60: 1 | F60: =IF(D60-C60>=0,D60-C60,0) -> 0
A61: RED VELVET CHEESE CAKE GDE | B61: N01 | C61: =+IFERROR(VLOOKUP($A61,RAIZ!$A$3:$X$1500,MATCH('San Cayetano'!$F$1,RAIZ!$A$2:$X$2,0),FALSE),0) -> 1 | D61: 1 | F61: =IF(D61-C61>=0,D61-C61,0) -> 0
A62: RED VELVET CHEESE CAKE MINI MEDIANO | B62: N02 | C62: =+IFERROR(VLOOKUP($A62,RAIZ!$A$3:$X$1500,MATCH('San Cayetano'!$F$1,RAIZ!$A$2:$X$2,0),FALSE),0) -> 1 | D62: 1 | F62: =IF(D62-C62>=0,D62-C62,0) -> 0
A63: CHESSECAKE GDE | B63: 37 | C63: =+IFERROR(VLOOKUP($A63,RAIZ!$A$3:$X$1500,MATCH('San Cayetano'!$F$1,RAIZ!$A$2:$X$2,0),FALSE),0) -> 1 | D63: 2 | F63: =IF(D63-C63>=0,D63-C63,0) -> 1 | G63: 1
A64: CHESSECAKE MINIMED | B64: 62 | C64: =+IFERROR(VLOOKUP($A64,RAIZ!$A$3:$X$1500,MATCH('San Cayetano'!$F$1,RAIZ!$A$2:$X$2,0),FALSE),0) -> 1 | D64: 1 | F64: =IF(D64-C64>=0,D64-C64,0) -> 0
A65: CHESSECAKE PETIT | B65: 63 | C65: =+IFERROR(VLOOKUP($A65,RAIZ!$A$3:$X$1500,MATCH('San Cayetano'!$F$1,RAIZ!$A$2:$X$2,0),FALSE),0) -> 1 | D65: 3 | F65: =IF(D65-C65>=0,D65-C65,0) -> 2 | G65: 2
A66: ZANAHORIA GDE | B66: 15 | C66: =+IFERROR(VLOOKUP($A66,RAIZ!$A$3:$X$1500,MATCH('San Cayetano'!$F$1,RAIZ!$A$2:$X$2,0),FALSE),0) -> 1 | D66: 1 | F66: =IF(D66-C66>=0,D66-C66,0) -> 0
A67: ZANAHORIA CH | B67: 29 | C67: =+IFERROR(VLOOKUP($A67,RAIZ!$A$3:$X$1500,MATCH('San Cayetano'!$F$1,RAIZ!$A$2:$X$2,0),FALSE),0) -> 1 | D67: 1 | F67: =IF(D67-C67>=0,D67-C67,0) -> 0
A68: ZANAHORIA PETIT | B68: 67 | C68: =+IFERROR(VLOOKUP($A68,RAIZ!$A$3:$X$1500,MATCH('San Cayetano'!$F$1,RAIZ!$A$2:$X$2,0),FALSE),0) -> 1 | D68: 3 | F68: =IF(D68-C68>=0,D68-C68,0) -> 2 | G68: 2
A69: ROSCA C/CAJETA | B69: 78 | C69: =+IFERROR(VLOOKUP($A69,RAIZ!$A$3:$X$1500,MATCH('San Cayetano'!$F$1,RAIZ!$A$2:$X$2,0),FALSE),0) -> 1 | D69: 1 | F69: =IF(D69-C69>=0,D69-C69,0) -> 0
A70: CAJITA DE TRES LECHES | B70: C3L | C70: =+IFERROR(VLOOKUP($A70,RAIZ!$A$3:$X$1500,MATCH('San Cayetano'!$F$1,RAIZ!$A$2:$X$2,0),FALSE),0) -> 3 | D70: 3 | F70: =IF(D70-C70>=0,D70-C70,0) -> 0
A71: CHOCOFLAN MINI MEDIANO | B71: 64 | C71: =+IFERROR(VLOOKUP($A71,RAIZ!$A$3:$X$1500,MATCH('San Cayetano'!$F$1,RAIZ!$A$2:$X$2,0),FALSE),0) -> 1 | D71: 1 | F71: =IF(D71-C71>=0,D71-C71,0) -> 0
A72: MINI DELICIA KINDER | B72: 02MD | C72: =+IFERROR(VLOOKUP($A72,RAIZ!$A$3:$X$1500,MATCH('San Cayetano'!$F$1,RAIZ!$A$2:$X$2,0),FALSE),0) -> 0 | D72: 0 | F72: =IF(D72-C72>=0,D72-C72,0) -> 0
C73: =+IFERROR(VLOOKUP($A73,RAIZ!$A$3:$X$1500,MATCH('San Cayetano'!$F$1,RAIZ!$A$2:$X$2,0),FALSE),0) -> 0 | F73: =IF(D73-C73>=0,D73-C73,0) -> 0
C74: =+IFERROR(VLOOKUP($A74,RAIZ!$A$3:$X$1500,MATCH('San Cayetano'!$F$1,RAIZ!$A$2:$X$2,0),FALSE),0) -> 0 | F74: =IF(D74-C74>=0,D74-C74,0) -> 0
C75: =+IFERROR(VLOOKUP($A75,RAIZ!$A$3:$X$1500,MATCH('San Cayetano'!$F$1,RAIZ!$A$2:$X$2,0),FALSE),0) -> 0 | F75: =IF(D75-C75>=0,D75-C75,0) -> 0
C76: =+IFERROR(VLOOKUP($A76,RAIZ!$A$3:$X$1500,MATCH('San Cayetano'!$F$1,RAIZ!$A$2:$X$2,0),FALSE),0) -> 0 | F76: =IF(D76-C76>=0,D76-C76,0) -> 0
C77: =+IFERROR(VLOOKUP($A77,RAIZ!$A$3:$X$1500,MATCH('San Cayetano'!$F$1,RAIZ!$A$2:$X$2,0),FALSE),0) -> 0 | F77: =IF(D77-C77>=0,D77-C77,0) -> 0
A78: ESPECIALIDAD | C78: =SUM(C56:C77) -> 18 | D78: =SUM(D56:D77) -> 23 | E78: =SUM(E56:E77) -> 0 | F78: =SUM(F56:F77) -> 5 | G78: =SUM(G56:G77) -> 5
A79: Total Area | C79: =C18+C32+C49+C52+C55+C78 -> 79 | D79: =D18+D32+D49+D52+D55+D78 -> 105 | E79: =E18+E32+E49+E52+E55+E78 -> 0 | F79: =F18+F32+F49+F52+F55+F78 -> 26 | G79: =G18+G32+G49+G52+G55+G78 -> 26
A80: VAINILLAS
A81: VAINILLA MARMOLEADO | B81: 91 | C81: =+IFERROR(VLOOKUP($A81,RAIZ!$A$3:$X$1500,MATCH('San Cayetano'!$F$1,RAIZ!$A$2:$X$2,0),FALSE),0) -> 1 | D81: 1 | F81: =IF(D81-C81>=0,D81-C81,0) -> 0
A82: VAINILLA NARANJA | B82: 92 | C82: =+IFERROR(VLOOKUP($A82,RAIZ!$A$3:$X$1500,MATCH('San Cayetano'!$F$1,RAIZ!$A$2:$X$2,0),FALSE),0) -> 0 | D82: 1 | F82: =IF(D82-C82>=0,D82-C82,0) -> 1 | G82: 1
A83: PLANCHA 1/4 | B83: 21N | C83: =+IFERROR(VLOOKUP($A83,RAIZ!$A$3:$X$1500,MATCH('San Cayetano'!$F$1,RAIZ!$A$2:$X$2,0),FALSE),0) -> 1 | D83: 1 | F83: =IF(D83-C83>=0,D83-C83,0) -> 0
A84: PLANCHA DE VAINILLA | B84: 70 | C84: =+IFERROR(VLOOKUP($A84,RAIZ!$A$3:$X$1500,MATCH('San Cayetano'!$F$1,RAIZ!$A$2:$X$2,0),FALSE),0) -> 1 | D84: 1 | F84: =IF(D84-C84>=0,D84-C84,0) -> 0
A85: VAINILLA NATURAL | B85: 74 | C85: =+IFERROR(VLOOKUP($A85,RAIZ!$A$3:$X$1500,MATCH('San Cayetano'!$F$1,RAIZ!$A$2:$X$2,0),FALSE),0) -> 1 | D85: 1 | F85: =IF(D85-C85>=0,D85-C85,0) -> 0
A86: PETIT DECORADO | B86: 69 | C86: =+IFERROR(VLOOKUP($A86,RAIZ!$A$3:$X$1500,MATCH('San Cayetano'!$F$1,RAIZ!$A$2:$X$2,0),FALSE),0) -> 2 | D86: 2 | F86: =IF(D86-C86>=0,D86-C86,0) -> 0
B87: 323 | C87: =+IFERROR(VLOOKUP($A87,RAIZ!$A$3:$X$1500,MATCH('San Cayetano'!$F$1,RAIZ!$A$2:$X$2,0),FALSE),0) -> 0 | F87: =IF(D87-C87>=0,D87-C87,0) -> 0
B88: 216 | C88: =+IFERROR(VLOOKUP($A88,RAIZ!$A$3:$X$1500,MATCH('San Cayetano'!$F$1,RAIZ!$A$2:$X$2,0),FALSE),0) -> 0 | F88: =IF(D88-C88>=0,D88-C88,0) -> 0
B89: 215 | C89: =+IFERROR(VLOOKUP($A89,RAIZ!$A$3:$X$1500,MATCH('San Cayetano'!$F$1,RAIZ!$A$2:$X$2,0),FALSE),0) -> 0 | F89: =IF(D89-C89>=0,D89-C89,0) -> 0
B90: 321 | C90: =+IFERROR(VLOOKUP($A90,RAIZ!$A$3:$X$1500,MATCH('San Cayetano'!$F$1,RAIZ!$A$2:$X$2,0),FALSE),0) -> 0 | F90: =IF(D90-C90>=0,D90-C90,0) -> 0
A91: Total Area | C91: =SUM(C81:C90) -> 6 | D91: =SUM(D81:D90) -> 7 | E91: =SUM(E81:E90) -> 0 | F91: =SUM(F81:F90) -> 1 | G91: =SUM(G81:G90) -> 1
A92: GELATINAS
A93: GELATINA FRESA GDE | B93: 40 | C93: =+IFERROR(VLOOKUP($A93,RAIZ!$A$3:$X$1500,MATCH('San Cayetano'!$F$1,RAIZ!$A$2:$X$2,0),FALSE),0) -> 1 | D93: 1 | F93: =IF(D93-C93>=0,D93-C93,0) -> 0
A94: GELATINA MOSAICO GDE | B94: 44 | C94: =+IFERROR(VLOOKUP($A94,RAIZ!$A$3:$X$1500,MATCH('San Cayetano'!$F$1,RAIZ!$A$2:$X$2,0),FALSE),0) -> 1 | D94: 1 | F94: =IF(D94-C94>=0,D94-C94,0) -> 0
A95: GELATINA MOSAICO CH | B95: 45 | C95: =+IFERROR(VLOOKUP($A95,RAIZ!$A$3:$X$1500,MATCH('San Cayetano'!$F$1,RAIZ!$A$2:$X$2,0),FALSE),0) -> 1 | D95: 1 | F95: =IF(D95-C95>=0,D95-C95,0) -> 0
A96: GELATINA IND FRESA | B96: 48 | C96: =+IFERROR(VLOOKUP($A96,RAIZ!$A$3:$X$1500,MATCH('San Cayetano'!$F$1,RAIZ!$A$2:$X$2,0),FALSE),0) -> 5 | D96: 5 | F96: =IF(D96-C96>=0,D96-C96,0) -> 0
A97: GELATINA IND MOSAICO | B97: 49 | C97: =+IFERROR(VLOOKUP($A97,RAIZ!$A$3:$X$1500,MATCH('San Cayetano'!$F$1,RAIZ!$A$2:$X$2,0),FALSE),0) -> 3 | D97: 5 | F97: =IF(D97-C97>=0,D97-C97,0) -> 2 | G97: 2
A98: GELATINA PROMO $90 | B98: 10B | C98: =+IFERROR(VLOOKUP($A98,RAIZ!$A$3:$X$1500,MATCH('San Cayetano'!$F$1,RAIZ!$A$2:$X$2,0),FALSE),0) -> 4 | D98: 4 | E98: 5 | F98: =IF(D98-C98>=0,D98-C98,0) -> 0 | G98: 2
A99: GELATINA FRESA $150 | B99: 01GE | C99: =+IFERROR(VLOOKUP($A99,RAIZ!$A$3:$X$1500,MATCH('San Cayetano'!$F$1,RAIZ!$A$2:$X$2,0),FALSE),0) -> 2 | D99: 2 | F99: =IF(D99-C99>=0,D99-C99,0) -> 0
A100: Gelatina de promocion semana santa | B100: 211 | C100: =+IFERROR(VLOOKUP($A100,RAIZ!$A$3:$X$1500,MATCH('San Cayetano'!$F$1,RAIZ!$A$2:$X$2,0),FALSE),0) -> 13 | D100: 20 | F100: =IF(D100-C100>=0,D100-C100,0) -> 7 | G100: 7
...

Sheet Suc. La Nueva Canasta
A1: =+RAIZ!B1 -> 46301 | D1: SUCURSAL | F1: Suc. La Nueva Canasta | H1: [ Suc. La Nueva Canasta - Cantidad ]
A2: PRODUCTO | B2: CODIGO | C2: EXISTENCIA EN SUCURSAL | D2: STOCK DETERMINADO | E2: PROMEDIO DE DISTRIBUCIÓN | F2: PRODUCTO A COMPLETAR | G2: A SURTIR TICKET
A3: PIÑA GDE | B3: 02 | C3: =+IFERROR(VLOOKUP($A3,RAIZ!$A$3:$V$800,MATCH('Suc. La Nueva Canasta'!$F$1,RAIZ!$A$2:$V$2,0),FALSE),0) -> 0 | F3: =IF(D3-C3>=0,D3-C3,0) -> 0
A4: DURAZNO GDE | B4: 04 | C4: =+IFERROR(VLOOKUP($A4,RAIZ!$A$3:$V$800,MATCH('Suc. La Nueva Canasta'!$F$1,RAIZ!$A$2:$V$2,0),FALSE),0) -> 0 | F4: =IF(D4-C4>=0,D4-C4,0) -> 0
A5: 3 LECHES GDE | B5: 06 | C5: =+IFERROR(VLOOKUP($A5,RAIZ!$A$3:$V$800,MATCH('Suc. La Nueva Canasta'!$F$1,RAIZ!$A$2:$V$2,0),FALSE),0) -> 0 | F5: =IF(D5-C5>=0,D5-C5,0) -> 0
A6: FRUTAS GDE | B6: 03 | C6: =+IFERROR(VLOOKUP($A6,RAIZ!$A$3:$V$800,MATCH('Suc. La Nueva Canasta'!$F$1,RAIZ!$A$2:$V$2,0),FALSE),0) -> 0 | F6: =IF(D6-C6>=0,D6-C6,0) -> 0
A7: DUO DURAZNO GDE | B7: 13 | C7: =+IFERROR(VLOOKUP($A7,RAIZ!$A$3:$V$800,MATCH('Suc. La Nueva Canasta'!$F$1,RAIZ!$A$2:$V$2,0),FALSE),0) -> 0 | F7: =IF(D7-C7>=0,D7-C7,0) -> 0
A8: MOKA GDE | B8: 01 | C8: =+IFERROR(VLOOKUP($A8,RAIZ!$A$3:$V$800,MATCH('Suc. La Nueva Canasta'!$F$1,RAIZ!$A$2:$V$2,0),FALSE),0) -> 0 | F8: =IF(D8-C8>=0,D8-C8,0) -> 0
A9: NUTELA GDE | B9: 09 | C9: =+IFERROR(VLOOKUP($A9,RAIZ!$A$3:$V$800,MATCH('Suc. La Nueva Canasta'!$F$1,RAIZ!$A$2:$V$2,0),FALSE),0) -> 0 | F9: =IF(D9-C9>=0,D9-C9,0) -> 0
A10: CHOCOLATE GDE | B10: 07 | C10: =+IFERROR(VLOOKUP($A10,RAIZ!$A$3:$V$800,MATCH('Suc. La Nueva Canasta'!$F$1,RAIZ!$A$2:$V$2,0),FALSE),0) -> 0 | F10: =IF(D10-C10>=0,D10-C10,0) -> 0
A11: M & M GDE | B11: 36 | C11: =+IFERROR(VLOOKUP($A11,RAIZ!$A$3:$V$800,MATCH('Suc. La Nueva Canasta'!$F$1,RAIZ!$A$2:$V$2,0),FALSE),0) -> 0 | F11: =IF(D11-C11>=0,D11-C11,0) -> 0
A12: IMPERIAL CHOCOLATE GDE | B12: P16 | C12: =+IFERROR(VLOOKUP($A12,RAIZ!$A$3:$V$800,MATCH('Suc. La Nueva Canasta'!$F$1,RAIZ!$A$2:$V$2,0),FALSE),0) -> 0 | F12: =IF(D12-C12>=0,D12-C12,0) -> 0
A13: PLANCHA 1/4 3 LECHES VAINILLA | B13: P14V | C13: =+IFERROR(VLOOKUP($A13,RAIZ!$A$3:$V$800,MATCH('Suc. La Nueva Canasta'!$F$1,RAIZ!$A$2:$V$2,0),FALSE),0) -> 0 | F13: =IF(D13-C13>=0,D13-C13,0) -> 0
A14: PLANCHA 1/4 3 LECHES CHOCOLATE | B14: P15C | C14: =+IFERROR(VLOOKUP($A14,RAIZ!$A$3:$V$800,MATCH('Suc. La Nueva Canasta'!$F$1,RAIZ!$A$2:$V$2,0),FALSE),0) -> 0 | F14: =IF(D14-C14>=0,D14-C14,0) -> 0
C15: =+IFERROR(VLOOKUP($A15,RAIZ!$A$3:$V$800,MATCH('Suc. La Nueva Canasta'!$F$1,RAIZ!$A$2:$V$2,0),FALSE),0) -> 0 | F15: =IF(D15-C15>=0,D15-C15,0) -> 0
C16: =+IFERROR(VLOOKUP($A16,RAIZ!$A$3:$V$800,MATCH('Suc. La Nueva Canasta'!$F$1,RAIZ!$A$2:$V$2,0),FALSE),0) -> 0 | F16: =IF(D16-C16>=0,D16-C16,0) -> 0
C17: =+IFERROR(VLOOKUP($A17,RAIZ!$A$3:$V$800,MATCH('Suc. La Nueva Canasta'!$F$1,RAIZ!$A$2:$V$2,0),FALSE),0) -> 0 | F17: =IF(D17-C17>=0,D17-C17,0) -> 0
A18: 3 LECHES GRANDES | C18: =SUM(C3:C17) -> 0 | D18: =SUM(D3:D17) -> 0 | E18: =SUM(E3:E17) -> 0 | F18: =SUM(F3:F17) -> 0 | G18: =SUM(G3:G17) -> 0
A19: TRES LECHES MEDIANO | B19: 04M | C19: =+IFERROR(VLOOKUP($A19,RAIZ!$A$3:$V$800,MATCH('Suc. La Nueva Canasta'!$F$1,RAIZ!$A$2:$V$2,0),FALSE),0) -> 0 | F19: =IF(D19-C19>=0,D19-C19,0) -> 0
A20: FRUTAS MED | B20: 23N | C20: =+IFERROR(VLOOKUP($A20,RAIZ!$A$3:$V$800,MATCH('Suc. La Nueva Canasta'!$F$1,RAIZ!$A$2:$V$2,0),FALSE),0) -> 0 | F20: =IF(D20-C20>=0,D20-C20,0) -> 0
A21: DUO DURAZNO MEDIANO | B21: 06M | C21: =+IFERROR(VLOOKUP($A21,RAIZ!$A$3:$V$800,MATCH('Suc. La Nueva Canasta'!$F$1,RAIZ!$A$2:$V$2,0),FALSE),0) -> 0 | F21: =IF(D21-C21>=0,D21-C21,0) -> 0
A22: PIÑA MED | B22: 08M | C22: =+IFERROR(VLOOKUP($A22,RAIZ!$A$3:$V$800,MATCH('Suc. La Nueva Canasta'!$F$1,RAIZ!$A$2:$V$2,0),FALSE),0) -> 0 | F22: =IF(D22-C22>=0,D22-C22,0) -> 0
A23: CHOCOLATE MED | B23: 24N | C23: =+IFERROR(VLOOKUP($A23,RAIZ!$A$3:$V$800,MATCH('Suc. La Nueva Canasta'!$F$1,RAIZ!$A$2:$V$2,0),FALSE),0) -> 0 | F23: =IF(D23-C23>=0,D23-C23,0) -> 0
A24: M & M MEDIANO | B24: 07M | C24: =+IFERROR(VLOOKUP($A24,RAIZ!$A$3:$V$800,MATCH('Suc. La Nueva Canasta'!$F$1,RAIZ!$A$2:$V$2,0),FALSE),0) -> 0 | F24: =IF(D24-C24>=0,D24-C24,0) -> 0
A25: MOKA MEDIANO | B25: 01M | C25: =+IFERROR(VLOOKUP($A25,RAIZ!$A$3:$V$800,MATCH('Suc. La Nueva Canasta'!$F$1,RAIZ!$A$2:$V$2,0),FALSE),0) -> 0 | F25: =IF(D25-C25>=0,D25-C25,0) -> 0
A26: IMPERIAL CHOCOLATE MED | B26: P17 | C26: =+IFERROR(VLOOKUP($A26,RAIZ!$A$3:$V$800,MATCH('Suc. La Nueva Canasta'!$F$1,RAIZ!$A$2:$V$2,0),FALSE),0) -> 0 | F26: =IF(D26-C26>=0,D26-C26,0) -> 0
C27: =+IFERROR(VLOOKUP($A27,RAIZ!$A$3:$V$800,MATCH('Suc. La Nueva Canasta'!$F$1,RAIZ!$A$2:$V$2,0),FALSE),0) -> 0 | F27: =IF(D27-C27>=0,D27-C27,0) -> 0
C28: =+IFERROR(VLOOKUP($A28,RAIZ!$A$3:$V$800,MATCH('Suc. La Nueva Canasta'!$F$1,RAIZ!$A$2:$V$2,0),FALSE),0) -> 0 | F28: =IF(D28-C28>=0,D28-C28,0) -> 0
C29: =+IFERROR(VLOOKUP($A29,RAIZ!$A$3:$V$800,MATCH('Suc. La Nueva Canasta'!$F$1,RAIZ!$A$2:$V$2,0),FALSE),0) -> 0 | F29: =IF(D29-C29>=0,D29-C29,0) -> 0
C30: =+IFERROR(VLOOKUP($A30,RAIZ!$A$3:$V$800,MATCH('Suc. La Nueva Canasta'!$F$1,RAIZ!$A$2:$V$2,0),FALSE),0) -> 0 | F30: =IF(D30-C30>=0,D30-C30,0) -> 0
C31: =+IFERROR(VLOOKUP($A31,RAIZ!$A$3:$V$800,MATCH('Suc. La Nueva Canasta'!$F$1,RAIZ!$A$2:$V$2,0),FALSE),0) -> 0 | F31: =IF(D31-C31>=0,D31-C31,0) -> 0
A32: 3 LECHES MEDIANOS | C32: =SUM(C19:C31) -> 0 | D32: =SUM(D19:D31) -> 0 | E32: =SUM(E19:E31) -> 0 | F32: =SUM(F19:F31) -> 0 | G32: =SUM(G19:G31) -> 0
A33: PIÑA CH | B33: 16 | C33: =+IFERROR(VLOOKUP($A33,RAIZ!$A$3:$V$800,MATCH('Suc. La Nueva Canasta'!$F$1,RAIZ!$A$2:$V$2,0),FALSE),0) -> 0 | F33: =IF(D33-C33>=0,D33-C33,0) -> 0
A34: DURAZNO CH | B34: 17 | C34: =+IFERROR(VLOOKUP($A34,RAIZ!$A$3:$V$800,MATCH('Suc. La Nueva Canasta'!$F$1,RAIZ!$A$2:$V$2,0),FALSE),0) -> 0 | F34: =IF(D34-C34>=0,D34-C34,0) -> 0
A35: FRESA CH | B35: 18 | C35: =+IFERROR(VLOOKUP($A35,RAIZ!$A$3:$V$800,MATCH('Suc. La Nueva Canasta'!$F$1,RAIZ!$A$2:$V$2,0),FALSE),0) -> 0 | F35: =IF(D35-C35>=0,D35-C35,0) -> 0
A36: 3 LECHES CH | B36: 19 | C36: =+IFERROR(VLOOKUP($A36,RAIZ!$A$3:$V$800,MATCH('Suc. La Nueva Canasta'!$F$1,RAIZ!$A$2:$V$2,0),FALSE),0) -> 0 | F36: =IF(D36-C36>=0,D36-C36,0) -> 0
A37: FRUTAS CH | B37: 20 | C37: =+IFERROR(VLOOKUP($A37,RAIZ!$A$3:$V$800,MATCH('Suc. La Nueva Canasta'!$F$1,RAIZ!$A$2:$V$2,0),FALSE),0) -> 0 | F37: =IF(D37-C37>=0,D37-C37,0) -> 0
A38: MOKA CH | B38: 23 | C38: =+IFERROR(VLOOKUP($A38,RAIZ!$A$3:$V$800,MATCH('Suc. La Nueva Canasta'!$F$1,RAIZ!$A$2:$V$2,0),FALSE),0) -> 0 | F38: =IF(D38-C38>=0,D38-C38,0) -> 0
A39: NUTELA CH | B39: 28 | C39: =+IFERROR(VLOOKUP($A39,RAIZ!$A$3:$V$800,MATCH('Suc. La Nueva Canasta'!$F$1,RAIZ!$A$2:$V$2,0),FALSE),0) -> 0 | F39: =IF(D39-C39>=0,D39-C39,0) -> 0
A40: CHOCOLATE CH | B40: 25 | C40: =+IFERROR(VLOOKUP($A40,RAIZ!$A$3:$V$800,MATCH('Suc. La Nueva Canasta'!$F$1,RAIZ!$A$2:$V$2,0),FALSE),0) -> 0 | F40: =IF(D40-C40>=0,D40-C40,0) -> 0
A41: M & M CH | B41: 87 | C41: =+IFERROR(VLOOKUP($A41,RAIZ!$A$3:$V$800,MATCH('Suc. La Nueva Canasta'!$F$1,RAIZ!$A$2:$V$2,0),FALSE),0) -> 0 | F41: =IF(D41-C41>=0,D41-C41,0) -> 0
A42: IMPERIAL CHOCOLATE CH | B42: P18 | C42: =+IFERROR(VLOOKUP($A42,RAIZ!$A$3:$V$800,MATCH('Suc. La Nueva Canasta'!$F$1,RAIZ!$A$2:$V$2,0),FALSE),0) -> 0 | F42: =IF(D42-C42>=0,D42-C42,0) -> 0
C43: =+IFERROR(VLOOKUP($A43,RAIZ!$A$3:$V$800,MATCH('Suc. La Nueva Canasta'!$F$1,RAIZ!$A$2:$V$2,0),FALSE),0) -> 0 | F43: =IF(D43-C43>=0,D43-C43,0) -> 0
C44: =+IFERROR(VLOOKUP($A44,RAIZ!$A$3:$V$800,MATCH('Suc. La Nueva Canasta'!$F$1,RAIZ!$A$2:$V$2,0),FALSE),0) -> 0 | F44: =IF(D44-C44>=0,D44-C44,0) -> 0
C45: =+IFERROR(VLOOKUP($A45,RAIZ!$A$3:$V$800,MATCH('Suc. La Nueva Canasta'!$F$1,RAIZ!$A$2:$V$2,0),FALSE),0) -> 0 | F45: =IF(D45-C45>=0,D45-C45,0) -> 0
C46: =+IFERROR(VLOOKUP($A46,RAIZ!$A$3:$V$800,MATCH('Suc. La Nueva Canasta'!$F$1,RAIZ!$A$2:$V$2,0),FALSE),0) -> 0 | F46: =IF(D46-C46>=0,D46-C46,0) -> 0
C47: =+IFERROR(VLOOKUP($A47,RAIZ!$A$3:$V$800,MATCH('Suc. La Nueva Canasta'!$F$1,RAIZ!$A$2:$V$2,0),FALSE),0) -> 0 | F47: =IF(D47-C47>=0,D47-C47,0) -> 0
C48: =+IFERROR(VLOOKUP($A48,RAIZ!$A$3:$V$800,MATCH('Suc. La Nueva Canasta'!$F$1,RAIZ!$A$2:$V$2,0),FALSE),0) -> 0 | F48: =IF(D48-C48>=0,D48-C48,0) -> 0
A49: 3 LECHES CHICOS | C49: =SUM(C33:C48) -> 0 | D49: =SUM(D33:D48) -> 0 | E49: =SUM(E33:E48) -> 0 | F49: =SUM(F33:F48) -> 0 | G49: =SUM(G33:G48) -> 0
A50: MINI MEDIANO PIÑERO | B50: 58 | C50: =+IFERROR(VLOOKUP($A50,RAIZ!$A$3:$V$800,MATCH('Suc. La Nueva Canasta'!$F$1,RAIZ!$A$2:$V$2,0),FALSE),0) -> 0 | F50: =IF(D50-C50>=0,D50-C50,0) -> 0
A51: MINI MEDIANO CHOCOLATE | B51: 60 | C51: =+IFERROR(VLOOKUP($A51,RAIZ!$A$3:$V$800,MATCH('Suc. La Nueva Canasta'!$F$1,RAIZ!$A$2:$V$2,0),FALSE),0) -> 0 | F51: =IF(D51-C51>=0,D51-C51,0) -> 0
A52: MINI MEDIANOS 3 LECHES | C52: =SUM(C50:C51) -> 0 | D52: =SUM(D50:D51) -> 0 | E52: =SUM(E50:E51) -> 0 | F52: =SUM(F50:F51) -> 0 | G52: =SUM(G50:G51) -> 0
A53: MINI PASTELITO PIÑERO | B53: 59 | C53: =+IFERROR(VLOOKUP($A53,RAIZ!$A$3:$V$800,MATCH('Suc. La Nueva Canasta'!$F$1,RAIZ!$A$2:$V$2,0),FALSE),0) -> 0 | F53: =IF(D53-C53>=0,D53-C53,0) -> 0
A54: MINI PASTELITO CHOCOLATE | B54: 61 | C54: =+IFERROR(VLOOKUP($A54,RAIZ!$A$3:$V$800,MATCH('Suc. La Nueva Canasta'!$F$1,RAIZ!$A$2:$V$2,0),FALSE),0) -> 0 | F54: =IF(D54-C54>=0,D54-C54,0) -> 0
A55: MINI MINI 3 LECHES | C55: =SUM(C53:C54) -> 0 | D55: =SUM(D53:D54) -> 0 | E55: =SUM(E53:E54) -> 0 | F55: =SUM(F53:F54) -> 0 | G55: =SUM(G53:G54) -> 0
A56: 3 LECHES QUESO GDE | B56: 30 | C56: =+IFERROR(VLOOKUP($A56,RAIZ!$A$3:$V$800,MATCH('Suc. La Nueva Canasta'!$F$1,RAIZ!$A$2:$V$2,0),FALSE),0) -> 0 | F56: =IF(D56-C56>=0,D56-C56,0) -> 0
A57: 3 LECHES QUESO CH | B57: 30CH | C57: =+IFERROR(VLOOKUP($A57,RAIZ!$A$3:$V$800,MATCH('Suc. La Nueva Canasta'!$F$1,RAIZ!$A$2:$V$2,0),FALSE),0) -> 0 | F57: =IF(D57-C57>=0,D57-C57,0) -> 0
A58: SELVA NEGRA | B58: 31 | C58: =+IFERROR(VLOOKUP($A58,RAIZ!$A$3:$V$800,MATCH('Suc. La Nueva Canasta'!$F$1,RAIZ!$A$2:$V$2,0),FALSE),0) -> 0 | F58: =IF(D58-C58>=0,D58-C58,0) -> 0
A59: SELVA NEGRA CH | B59: 31CH | C59: =+IFERROR(VLOOKUP($A59,RAIZ!$A$3:$V$800,MATCH('Suc. La Nueva Canasta'!$F$1,RAIZ!$A$2:$V$2,0),FALSE),0) -> 0 | F59: =IF(D59-C59>=0,D59-C59,0) -> 0
A60: CHOCOQUESO | B60: 32 | C60: =+IFERROR(VLOOKUP($A60,RAIZ!$A$3:$V$800,MATCH('Suc. La Nueva Canasta'!$F$1,RAIZ!$A$2:$V$2,0),FALSE),0) -> 0 | F60: =IF(D60-C60>=0,D60-C60,0) -> 0
A61: CHOCOQUESO CH | B61: 32CH | C61: =+IFERROR(VLOOKUP($A61,RAIZ!$A$3:$V$800,MATCH('Suc. La Nueva Canasta'!$F$1,RAIZ!$A$2:$V$2,0),FALSE),0) -> 0 | F61: =IF(D61-C61>=0,D61-C61,0) -> 0
A62: RED VELVET CHEESE CAKE GDE | B62: N01 | C62: =+IFERROR(VLOOKUP($A62,RAIZ!$A$3:$V$800,MATCH('Suc. La Nueva Canasta'!$F$1,RAIZ!$A$2:$V$2,0),FALSE),0) -> 0 | F62: =IF(D62-C62>=0,D62-C62,0) -> 0
A63: RED VELVET CHEESE CAKE MINI MEDIANO | B63: N02 | C63: =+IFERROR(VLOOKUP($A63,RAIZ!$A$3:$V$800,MATCH('Suc. La Nueva Canasta'!$F$1,RAIZ!$A$2:$V$2,0),FALSE),0) -> 0 | F63: =IF(D63-C63>=0,D63-C63,0) -> 0
A64: CHESSECAKE GDE | B64: 37 | C64: =+IFERROR(VLOOKUP($A64,RAIZ!$A$3:$V$800,MATCH('Suc. La Nueva Canasta'!$F$1,RAIZ!$A$2:$V$2,0),FALSE),0) -> 0 | F64: =IF(D64-C64>=0,D64-C64,0) -> 0
A65: CHESSECAKE MINIMED | B65: 62 | C65: =+IFERROR(VLOOKUP($A65,RAIZ!$A$3:$V$800,MATCH('Suc. La Nueva Canasta'!$F$1,RAIZ!$A$2:$V$2,0),FALSE),0) -> 0 | F65: =IF(D65-C65>=0,D65-C65,0) -> 0
A66: CHESSECAKE PETIT | B66: 63 | C66: =+IFERROR(VLOOKUP($A66,RAIZ!$A$3:$V$800,MATCH('Suc. La Nueva Canasta'!$F$1,RAIZ!$A$2:$V$2,0),FALSE),0) -> 0 | F66: =IF(D66-C66>=0,D66-C66,0) -> 0
A67: ZANAHORIA GDE | B67: 15 | C67: =+IFERROR(VLOOKUP($A67,RAIZ!$A$3:$V$800,MATCH('Suc. La Nueva Canasta'!$F$1,RAIZ!$A$2:$V$2,0),FALSE),0) -> 0 | F67: =IF(D67-C67>=0,D67-C67,0) -> 0
... A71: CAJITA DE TRES LECHES | B71: C3L | C71: =+IFERROR(VLOOKUP($A71,RAIZ!$A$3:$V$800,MATCH('Suc. La Nueva Canasta'!$F$1,RAIZ!$A$2:$V$2,0),FALSE),0) -> 0 | F71: =IF(D71-C71>=0,D71-C71,0) -> 0
A72: CHOCOFLAN MINI MEDIANO | B72: 64 | C72: =+IFERROR(VLOOKUP($A72,RAIZ!$A$3:$V$800,MATCH('Suc. Xalisco'!$F$1,RAIZ!$A$2:$V$2,0),FALSE),0) -> 0 | F72: =IF(D72-C72>=0,D72-C72,0) -> 0
A73: QUESO TIRAMISU CH | B73: 01t | C73: =+IFERROR(VLOOKUP($A73,RAIZ!$A$3:$V$800,MATCH('Suc. La Nueva Canasta'!$F$1,RAIZ!$A$2:$V$2,0),FALSE),0) -> 0 | F73: =IF(D73-C73>=0,D73-C73,0) -> 0
A74: QUESO TIRAMISU MMD | B74: 195m | C74: =+IFERROR(VLOOKUP($A74,RAIZ!$A$3:$V$800,MATCH('Suc. La Nueva Canasta'!$F$1,RAIZ!$A$2:$V$2,0),FALSE),0) -> 0 | F74: =IF(D74-C74>=0,D74-C74,0) -> 0
C75: =+IFERROR(VLOOKUP($A75,RAIZ!$A$3:$V$800,MATCH('Suc. La Nueva Canasta'!$F$1,RAIZ!$A$2:$V$2,0),FALSE),0) -> 0 | F75: =IF(D75-C75>=0,D75-C75,0) -> 0
C76: =+IFERROR(VLOOKUP($A76,RAIZ!$A$3:$V$800,MATCH('Suc. La Nueva Canasta'!$F$1,RAIZ!$A$2:$V$2,0),FALSE),0) -> 0 | F76: =IF(D76-C76>=0,D76-C76,0) -> 0
C77: =+IFERROR(VLOOKUP($A77,RAIZ!$A$3:$V$800,MATCH('Suc. La Nueva Canasta'!$F$1,RAIZ!$A$2:$V$2,0),FALSE),0) -> 0 | F77: =IF(D77-C77>=0,D77-C77,0) -> 0
A78: ESPECIALIDAD | C78: =SUM(C56:C77) -> 0 | D78: =SUM(D56:D77) -> 0 | E78: =SUM(E56:E77) -> 0 | F78: =SUM(F56:F77) -> 0 | G78: =SUM(G56:G77) -> 0
A79: Total Area | C79: =C18+C32+C49+C52+C55+C78 -> 0 | D79: =D18+D32+D49+D52+D55+D78 -> 0 | E79: =E18+E32+E49+E52+E55+E78 -> 0 | F79: =F18+F32+F49+F52+F55+F78 -> 0 | G79: =G18+G32+G49+G52+G55+G78 -> 0
A80: VAINILLAS
A81: VAINILLA MARMOLEADO | B81: 91 | C81: =+IFERROR(VLOOKUP($A81,RAIZ!$A$3:$V$800,MATCH('Suc. La Nueva Canasta'!$F$1,RAIZ!$A$2:$V$2,0),FALSE),0) -> 0 | F81: =IF(D81-C81>=0,D81-C81,0) -> 0
A82: VAINILLA NARANJA | B82: 92 | C82: =+IFERROR(VLOOKUP($A82,RAIZ!$A$3:$V$800,MATCH('Suc. La Nueva Canasta'!$F$1,RAIZ!$A$2:$V$2,0),FALSE),0) -> 0 | F82: =IF(D82-C82>=0,D82-C82,0) -> 0
A83: PLANCHA 1/4 | B83: 21N | C83: =+IFERROR(VLOOKUP($A83,RAIZ!$A$3:$V$800,MATCH('Suc. La Nueva Canasta'!$F$1,RAIZ!$A$2:$V$2,0),FALSE),0) -> 0 | F83: =IF(D83-C83>=0,D83-C83,0) -> 0
A84: PLANCHA DE VAINILLA | B84: 70 | C84: =+IFERROR(VLOOKUP($A84,RAIZ!$A$3:$V$800,MATCH('Suc. La Nueva Canasta'!$F$1,RAIZ!$A$2:$V$2,0),FALSE),0) -> 0 | F84: =IF(D84-C84>=0,D84-C84,0) -> 0
A85: VAINILLA NATURAL | B85: 74 | C85: =+IFERROR(VLOOKUP($A85,RAIZ!$A$3:$V$800,MATCH('Suc. La Nueva Canasta'!$F$1,RAIZ!$A$2:$V$2,0),FALSE),0) -> 0 | F85: =IF(D85-C85>=0,D85-C85,0) -> 0
A86: PETIT DECORADO | B86: 69 | C86: =+IFERROR(VLOOKUP($A86,RAIZ!$A$3:$V$800,MATCH('Suc. La Nueva Canasta'!$F$1,RAIZ!$A$2:$V$2,0),FALSE),0) -> 0 | F86: =IF(D86-C86>=0,D86-C86,0) -> 0
A87: PASTEL CASERO DE CHOCOLATE | B87: P19 | C87: =+IFERROR(VLOOKUP($A87,RAIZ!$A$3:$V$800,MATCH('Suc. Vistas'!$F$1,RAIZ!$A$2:$V$2,0),FALSE),0) -> 0 | F87: =IF(D87-C87>=0,D87-C87,0) -> 0
C88: =+IFERROR(VLOOKUP($A88,RAIZ!$A$3:$V$800,MATCH('Suc. La Nueva Canasta'!$F$1,RAIZ!$A$2:$V$2,0),FALSE),0) -> 0 | F88: =IF(D88-C88>=0,D88-C88,0) -> 0
C89: =+IFERROR(VLOOKUP($A89,RAIZ!$A$3:$V$800,MATCH('Suc. La Nueva Canasta'!$F$1,RAIZ!$A$2:$V$2,0),FALSE),0) -> 0 | F89: =IF(D89-C89>=0,D89-C89,0) -> 0
C90: =+IFERROR(VLOOKUP($A90,RAIZ!$A$3:$V$800,MATCH('Suc. La Nueva Canasta'!$F$1,RAIZ!$A$2:$V$2,0),FALSE),0) -> 0 | F90: =IF(D90-C90>=0,D90-C90,0) -> 0
A91: Total Area | C91: =SUM(C81:C90) -> 0 | D91: =SUM(D81:D90) -> 0 | E91: =SUM(E81:E90) -> 0 | F91: =SUM(F81:F90) -> 0 | G91: =SUM(G81:G90) -> 0
A92: GELATINAS
A93: GELATINA FRESA GDE | B93: 40 | C93: =+IFERROR(VLOOKUP($A93,RAIZ!$A$3:$V$800,MATCH('Suc. La Nueva Canasta'!$F$1,RAIZ!$A$2:$V$2,0),FALSE),0) -> 0 | F93: =IF(D93-C93>=0,D93-C93,0) -> 0
A94: GELATINA MOSAICO GDE | B94: 44 | C94: =+IFERROR(VLOOKUP($A94,RAIZ!$A$3:$V$800,MATCH('Suc. La Nueva Canasta'!$F$1,RAIZ!$A$2:$V$2,0),FALSE),0) -> 0 | F94: =IF(D94-C94>=0,D94-C94,0) -> 0
A95: GELATINA FRESA CH | B95: 41 | C95: =+IFERROR(VLOOKUP($A95,RAIZ!$A$3:$V$800,MATCH('Suc. La Nueva Canasta'!$F$1,RAIZ!$A$2:$V$2,0),FALSE),0) -> 0 | F95: =IF(D95-C95>=0,D95-C95,0) -> 0
A96: GELATINA MOSAICO CH | B96: 45 | C96: =+IFERROR(VLOOKUP($A96,RAIZ!$A$3:$V$800,MATCH('Suc. La Nueva Canasta'!$F$1,RAIZ!$A$2:$V$2,0),FALSE),0) -> 0 | F96: =IF(D96-C96>=0,D96-C96,0) -> 0
A97: GELATINA IND FRESA | B97: 48 | C97: =+IFERROR(VLOOKUP($A97,RAIZ!$A$3:$V$800,MATCH('Suc. La Nueva Canasta'!$F$1,RAIZ!$A$2:$V$2,0),FALSE),0) -> 0 | F97: =IF(D97-C97>=0,D97-C97,0) -> 0
A98: GELATINA IND MOSAICO | B98: 49 | C98: =+IFERROR(VLOOKUP($A98,RAIZ!$A$3:$V$800,MATCH('Suc. La Nueva Canasta'!$F$1,RAIZ!$A$2:$V$2,0),FALSE),0) -> 0 | F98: =IF(D98-C98>=0,D98-C98,0) -> 0
A99: GELATINA PROMO $90 | B99: 10B | C99: =+IFERROR(VLOOKUP($A99,RAIZ!$A$3:$V$800,MATCH('Suc. La Nueva Canasta'!$F$1,RAIZ!$A$2:$V$2,0),FALSE),0) -> 0 | F99: =IF(D99-C99>=0,D99-C99,0) -> 0
A100: GELATINA FRESA $150 | B100: 01GE | C100: =+IFERROR(VLOOKUP($A100,RAIZ!$A$3:$V$800,MATCH('Suc. La Nueva Canasta'!$F$1,RAIZ!$A$2:$V$2,0),FALSE),0) -> 0 | F100: =IF(D100-C100>=0,D100-C100,0) -> 0
A101: GELATINA PIÑA COLADA | B101: 01p | C101: =+IFERROR(VLOOKUP($A101,RAIZ!$A$3:$V$800,MATCH('Suc. La Nueva Canasta'!$F$1,RAIZ!$A$2:$V$2,0),FALSE),0) -> 0 | F101: =IF(D101-C101>=0,D101-C101,0) -> 0
A102: GELATINA DE PIÑA IND | B102: n10 | C102: =+IFERROR(VLOOKUP($A102,RAIZ!$A$3:$V$800,MATCH('Suc. La Nueva Canasta'!$F$1,RAIZ!$A$2:$V$2,0),FALSE),0) -> 0 | F102: =IF(D102-C102>=0,D102-C102,0) -> 0
A103: Gelatina de promocion semana santa | B103: 211 | C103: =+IFERROR(VLOOKUP($A103,RAIZ!$A$3:$V$800,MATCH('Suc. La Nueva Canasta'!$F$1,RAIZ!$A$2:$V$2,0),FALSE),0) -> 0 | F103: =IF(D103-C103>=0,D103-C103,0) -> 0
...

Sheet LALO VARAS
A1: =RAIZ!B1 -> 46301 | D1: SUCURSAL | F1: Suc. Santiago | H1: [ Suc. Santiago - Cantidad ]
A2: PRODUCTO | B2: CODIGO | C2: EXISTENCIA EN SUCURSAL | D2: STOCK DETERMINADO | E2: PROMEDIO DE DISTRIBUCIÓN | F2: PRODUCTO A COMPLETAR | G2: A SURTIR TICKET
A3: PIÑA GDE | B3: 02 | C3: =+IFERROR(VLOOKUP($A3,RAIZ!$A$3:$X$1500,MATCH('LALO VARAS'!$F$1,RAIZ!$A$2:$X$2,0),FALSE),0) -> 1 | D3: 1 | F3: =IF(D3-C3>=0,D3-C3,0) -> 0
A4: DURAZNO GDE | B4: 04 | C4: =+IFERROR(VLOOKUP($A4,RAIZ!$A$3:$X$1500,MATCH('LALO VARAS'!$F$1,RAIZ!$A$2:$X$2,0),FALSE),0) -> 3 | D4: 4 | F4: =IF(D4-C4>=0,D4-C4,0) -> 1 | G4: 1
A5: 3 LECHES GDE | B5: 06 | C5: =+IFERROR(VLOOKUP($A5,RAIZ!$A$3:$X$1500,MATCH('LALO VARAS'!$F$1,RAIZ!$A$2:$X$2,0),FALSE),0) -> 3 | D5: 4 | F5: =IF(D5-C5>=0,D5-C5,0) -> 1 | G5: 4
A6: FRUTAS GDE | B6: 03 | C6: =+IFERROR(VLOOKUP($A6,RAIZ!$A$3:$X$1500,MATCH('LALO VARAS'!$F$1,RAIZ!$A$2:$X$2,0),FALSE),0) -> 3 | D6: 4 | F6: =IF(D6-C6>=0,D6-C6,0) -> 1 | G6: 2
A7: DUO DURAZNO GDE | B7: 13 | C7: =+IFERROR(VLOOKUP($A7,RAIZ!$A$3:$X$1500,MATCH('LALO VARAS'!$F$1,RAIZ!$A$2:$X$2,0),FALSE),0) -> 2 | D7: 4 | F7: =IF(D7-C7>=0,D7-C7,0) -> 2
A8: MOKA GDE | B8: 01 | C8: =+IFERROR(VLOOKUP($A8,RAIZ!$A$3:$X$1500,MATCH('LALO VARAS'!$F$1,RAIZ!$A$2:$X$2,0),FALSE),0) -> 2 | D8: 5 | F8: =IF(D8-C8>=0,D8-C8,0) -> 3 | G8: 4
A9: NUTELA GDE | B9: 09 | C9: =+IFERROR(VLOOKUP($A9,RAIZ!$A$3:$X$1500,MATCH('LALO VARAS'!$F$1,RAIZ!$A$2:$X$2,0),FALSE),0) -> 2 | D9: 4 | F9: =IF(D9-C9>=0,D9-C9,0) -> 2
A10: CHOCOLATE GDE | B10: 07 | C10: =+IFERROR(VLOOKUP($A10,RAIZ!$A$3:$X$1500,MATCH('LALO VARAS'!$F$1,RAIZ!$A$2:$X$2,0),FALSE),0) -> 2 | D10: 4 | F10: =IF(D10-C10>=0,D10-C10,0) -> 2 | G10: 4
A11: M & M GDE | B11: 36 | C11: =+IFERROR(VLOOKUP($A11,RAIZ!$A$3:$X$1500,MATCH('LALO VARAS'!$F$1,RAIZ!$A$2:$X$2,0),FALSE),0) -> 3 | D11: 4 | F11: =IF(D11-C11>=0,D11-C11,0) -> 1
C12: =+IFERROR(VLOOKUP($A12,RAIZ!$A$3:$X$1500,MATCH('LALO VARAS'!$F$1,RAIZ!$A$2:$X$2,0),FALSE),0) -> 0 | F12: =IF(D12-C12>=0,D12-C12,0) -> 0
C13: =+IFERROR(VLOOKUP($A13,RAIZ!$A$3:$X$1500,MATCH('LALO VARAS'!$F$1,RAIZ!$A$2:$X$2,0),FALSE),0) -> 0 | F13: =IF(D13-C13>=0,D13-C13,0) -> 0
C14: =+IFERROR(VLOOKUP($A14,RAIZ!$A$3:$X$1500,MATCH('LALO VARAS'!$F$1,RAIZ!$A$2:$X$2,0),FALSE),0) -> 0 | F14: =IF(D14-C14>=0,D14-C14,0) -> 0
C15: =+IFERROR(VLOOKUP($A15,RAIZ!$A$3:$X$1500,MATCH('LALO VARAS'!$F$1,RAIZ!$A$2:$X$2,0),FALSE),0) -> 0 | F15: =IF(D15-C15>=0,D15-C15,0) -> 0
C16: =+IFERROR(VLOOKUP($A16,RAIZ!$A$3:$X$1500,MATCH('LALO VARAS'!$F$1,RAIZ!$A$2:$X$2,0),FALSE),0) -> 0 | F16: =IF(D16-C16>=0,D16-C16,0) -> 0
C17: =+IFERROR(VLOOKUP($A17,RAIZ!$A$3:$X$1500,MATCH('LALO VARAS'!$F$1,RAIZ!$A$2:$X$2,0),FALSE),0) -> 0 | F17: =IF(D17-C17>=0,D17-C17,0) -> 0
A18: 3 LECHES GRANDES | C18: =SUM(C3:C17) -> 21 | D18: =SUM(D3:D17) -> 34 | E18: =SUM(E3:E17) -> 0 | F18: =SUM(F3:F17) -> 13 | G18: =SUM(G3:G17) -> 15
A19: TRES LECHES MEDIANO | B19: 04M | C19: =+IFERROR(VLOOKUP($A19,RAIZ!$A$3:$X$1500,MATCH('LALO VARAS'!$F$1,RAIZ!$A$2:$X$2,0),FALSE),0) -> 4 | D19: 6 | F19: =IF(D19-C19>=0,D19-C19,0) -> 2
A20: FRUTAS MED | B20: 23N | C20: =+IFERROR(VLOOKUP($A20,RAIZ!$A$3:$X$1500,MATCH('LALO VARAS'!$F$1,RAIZ!$A$2:$X$2,0),FALSE),0) -> 4 | D20: 6 | F20: =IF(D20-C20>=0,D20-C20,0) -> 2 | G20: 2
A21: DUO DURAZNO MEDIANO | B21: 06M | C21: =+IFERROR(VLOOKUP($A21,RAIZ!$A$3:$X$1500,MATCH('LALO VARAS'!$F$1,RAIZ!$A$2:$X$2,0),FALSE),0) -> 1 | D21: 6 | F21: =IF(D21-C21>=0,D21-C21,0) -> 5 | G21: 2
A22: PIÑA MED | B22: 08M | C22: =+IFERROR(VLOOKUP($A22,RAIZ!$A$3:$X$1500,MATCH('LALO VARAS'!$F$1,RAIZ!$A$2:$X$2,0),FALSE),0) -> 1 | D22: 4 | F22: =IF(D22-C22>=0,D22-C22,0) -> 3
A23: CHOCOLATE MED | B23: 24N | C23: =+IFERROR(VLOOKUP($A23,RAIZ!$A$3:$X$1500,MATCH('LALO VARAS'!$F$1,RAIZ!$A$2:$X$2,0),FALSE),0) -> 6 | D23: 6 | F23: =IF(D23-C23>=0,D23-C23,0) -> 0 | G23: 2
A24: M & M MEDIANO | B24: 07M | C24: =+IFERROR(VLOOKUP($A24,RAIZ!$A$3:$X$1500,MATCH('LALO VARAS'!$F$1,RAIZ!$A$2:$X$2,0),FALSE),0) -> 1 | D24: 6 | F24: =IF(D24-C24>=0,D24-C24,0) -> 5
A25: MOKA MEDIANO | B25: 01M | C25: =+IFERROR(VLOOKUP($A25,RAIZ!$A$3:$X$1500,MATCH('LALO VARAS'!$F$1,RAIZ!$A$2:$X$2,0),FALSE),0) -> 1 | D25: 6 | F25: =IF(D25-C25>=0,D25-C25,0) -> 5 | G25: 2
C26: =+IFERROR(VLOOKUP($A26,RAIZ!$A$3:$X$1500,MATCH('LALO VARAS'!$F$1,RAIZ!$A$2:$X$2,0),FALSE),0) -> 0 | F26: =IF(D26-C26>=0,D26-C26,0) -> 0
C27: =+IFERROR(VLOOKUP($A27,RAIZ!$A$3:$X$1500,MATCH('LALO VARAS'!$F$1,RAIZ!$A$2:$X$2,0),FALSE),0) -> 0 | F27: =IF(D27-C27>=0,D27-C27,0) -> 0
C28: =+IFERROR(VLOOKUP($A28,RAIZ!$A$3:$X$1500,MATCH('LALO VARAS'!$F$1,RAIZ!$A$2:$X$2,0),FALSE),0) -> 0 | F28: =IF(D28-C28>=0,D28-C28,0) -> 0
C29: =+IFERROR(VLOOKUP($A29,RAIZ!$A$3:$X$1500,MATCH('LALO VARAS'!$F$1,RAIZ!$A$2:$X$2,0),FALSE),0) -> 0 | F29: =IF(D29-C29>=0,D29-C29,0) -> 0
C30: =+IFERROR(VLOOKUP($A30,RAIZ!$A$3:$X$1500,MATCH('LALO VARAS'!$F$1,RAIZ!$A$2:$X$2,0),FALSE),0) -> 0 | F30: =IF(D30-C30>=0,D30-C30,0) -> 0
C31: =+IFERROR(VLOOKUP($A31,RAIZ!$A$3:$X$1500,MATCH('LALO VARAS'!$F$1,RAIZ!$A$2:$X$2,0),FALSE),0) -> 0 | F31: =IF(D31-C31>=0,D31-C31,0) -> 0
A32: 3 LECHES MEDIANOS | C32: =SUM(C19:C31) -> 18 | D32: =SUM(D19:D31) -> 40 | E32: =SUM(E19:E31) -> 0 | F32: =SUM(F19:F31) -> 22 | G32: =SUM(G19:G31) -> 8
A33: PIÑA CH | B33: 16 | C33: =+IFERROR(VLOOKUP($A33,RAIZ!$A$3:$X$1500,MATCH('LALO VARAS'!$F$1,RAIZ!$A$2:$X$2,0),FALSE),0) -> 1 | D33: 3 | F33: =IF(D33-C33>=0,D33-C33,0) -> 2 | G33: 1
A34: DURAZNO CH | B34: 17 | C34: =+IFERROR(VLOOKUP($A34,RAIZ!$A$3:$X$1500,MATCH('LALO VARAS'!$F$1,RAIZ!$A$2:$X$2,0),FALSE),0) -> 2 | D34: 3 | F34: =IF(D34-C34>=0,D34-C34,0) -> 1 | G34: 1
A35: FRESA CH | B35: 18 | C35: =+IFERROR(VLOOKUP($A35,RAIZ!$A$3:$X$1500,MATCH('LALO VARAS'!$F$1,RAIZ!$A$2:$X$2,0),FALSE),0) -> 4 | D35: 3 | F35: =IF(D35-C35>=0,D35-C35,0) -> 0 | G35: 1
A36: 3 LECHES CH | B36: 19 | C36: =+IFERROR(VLOOKUP($A36,RAIZ!$A$3:$X$1500,MATCH('LALO VARAS'!$F$1,RAIZ!$A$2:$X$2,0),FALSE),0) -> 4 | D36: 3 | F36: =IF(D36-C36>=0,D36-C36,0) -> 0 | G36: 1
A37: FRUTAS CH | B37: 20 | C37: =+IFERROR(VLOOKUP($A37,RAIZ!$A$3:$X$1500,MATCH('LALO VARAS'!$F$1,RAIZ!$A$2:$X$2,0),FALSE),0) -> 4 | D37: 3 | F37: =IF(D37-C37>=0,D37-C37,0) -> 0 | G37: 1
A38: MOKA CH | B38: 23 | C38: =+IFERROR(VLOOKUP($A38,RAIZ!$A$3:$X$1500,MATCH('LALO VARAS'!$F$1,RAIZ!$A$2:$X$2,0),FALSE),0) -> 4 | D38: 3 | F38: =IF(D38-C38>=0,D38-C38,0) -> 0 | G38: 2
A39: NUTELA CH | B39: 28 | C39: =+IFERROR(VLOOKUP($A39,RAIZ!$A$3:$X$1500,MATCH('LALO VARAS'!$F$1,RAIZ!$A$2:$X$2,0),FALSE),0) -> 4 | D39: 3 | F39: =IF(D39-C39>=0,D39-C39,0) -> 0
A40: CHOCOLATE CH | B40: 25 | C40: =+IFERROR(VLOOKUP($A40,RAIZ!$A$3:$X$1500,MATCH('LALO VARAS'!$F$1,RAIZ!$A$2:$X$2,0),FALSE),0) -> 3 | D40: 3 | F40: =IF(D40-C40>=0,D40-C40,0) -> 0 | G40: 2
A41: M & M CH | B41: 87 | C41: =+IFERROR(VLOOKUP($A41,RAIZ!$A$3:$X$1500,MATCH('LALO VARAS'!$F$1,RAIZ!$A$2:$X$2,0),FALSE),0) -> 2 | D41: 3 | F41: =IF(D41-C41>=0,D41-C41,0) -> 1
C42: =+IFERROR(VLOOKUP($A42,RAIZ!$A$3:$X$1500,MATCH('LALO VARAS'!$F$1,RAIZ!$A$2:$X$2,0),FALSE),0) -> 0 | F42: =IF(D42-C42>=0,D42-C42,0) -> 0
C43: =+IFERROR(VLOOKUP($A43,RAIZ!$A$3:$X$1500,MATCH('LALO VARAS'!$F$1,RAIZ!$A$2:$X$2,0),FALSE),0) -> 0 | F43: =IF(D43-C43>=0,D43-C43,0) -> 0
C44: =+IFERROR(VLOOKUP($A44,RAIZ!$A$3:$X$1500,MATCH('LALO VARAS'!$F$1,RAIZ!$A$2:$X$2,0),FALSE),0) -> 0 | F44: =IF(D44-C44>=0,D44-C44,0) -> 0
C45: =+IFERROR(VLOOKUP($A45,RAIZ!$A$3:$X$1500,MATCH('LALO VARAS'!$F$1,RAIZ!$A$2:$X$2,0),FALSE),0) -> 0 | F45: =IF(D45-C45>=0,D45-C45,0) -> 0
C46: =+IFERROR(VLOOKUP($A46,RAIZ!$A$3:$X$1500,MATCH('LALO VARAS'!$F$1,RAIZ!$A$2:$X$2,0),FALSE),0) -> 0 | F46: =IF(D46-C46>=0,D46-C46,0) -> 0
C47: =+IFERROR(VLOOKUP($A47,RAIZ!$A$3:$X$1500,MATCH('LALO VARAS'!$F$1,RAIZ!$A$2:$X$2,0),FALSE),0) -> 0 | F47: =IF(D47-C47>=0,D47-C47,0) -> 0
C48: =+IFERROR(VLOOKUP($A48,RAIZ!$A$3:$X$1500,MATCH('LALO VARAS'!$F$1,RAIZ!$A$2:$X$2,0),FALSE),0) -> 0 | F48: =IF(D48-C48>=0,D48-C48,0) -> 0
A49: 3 LECHES CHICOS | C49: =SUM(C33:C48) -> 28 | D49: =SUM(D33:D48) -> 27 | E49: =SUM(E33:E48) -> 0 | F49: =SUM(F33:F48) -> 4 | G49: =SUM(G33:G48) -> 9
A50: MINI MEDIANO PIÑERO | B50: 58 | C50: =+IFERROR(VLOOKUP($A50,RAIZ!$A$3:$X$1500,MATCH('LALO VARAS'!$F$1,RAIZ!$A$2:$X$2,0),FALSE),0) -> 5 | D50: 15 | F50: =IF(D50-C50>=0,D50-C50,0) -> 10
A51: MINI MEDIANO CHOCOLATE | B51: 60 | C51: =+IFERROR(VLOOKUP($A51,RAIZ!$A$3:$X$1500,MATCH('LALO VARAS'!$F$1,RAIZ!$A$2:$X$2,0),FALSE),0) -> 7 | D51: 15 | F51: =IF(D51-C51>=0,D51-C51,0) -> 8
A52: MINI MEDIANOS 3 LECHES | C52: =SUM(C50:C51) -> 12 | D52: =SUM(D50:D51) -> 30 | E52: =SUM(E50:E51) -> 0 | F52: =SUM(F50:F51) -> 18 | G52: =SUM(G50:G51) -> 0
A53: MINI PASTELITO PIÑERO | B53: 59 | C53: =+IFERROR(VLOOKUP($A53,RAIZ!$A$3:$X$1500,MATCH('LALO VARAS'!$F$1,RAIZ!$A$2:$X$2,0),FALSE),0) -> 13 | D53: 8 | F53: =IF(D53-C53>=0,D53-C53,0) -> 0
A54: MINI PASTELITO CHOCOLATE | B54: 61 | C54: =+IFERROR(VLOOKUP($A54,RAIZ!$A$3:$X$1500,MATCH('LALO VARAS'!$F$1,RAIZ!$A$2:$X$2,0),FALSE),0) -> 10 | D54: 8 | F54: =IF(D54-C54>=0,D54-C54,0) -> 0
A55: MINI MINI 3 LECHES | C55: =SUM(C53:C54) -> 23 | D55: =SUM(D53:D54) -> 16 | E55: =SUM(E53:E54) -> 0 | F55: =SUM(F53:F54) -> 0 | G55: =SUM(G53:G54) -> 0
A56: 3 LECHES QUESO GDE | B56: 30 | C56: =+IFERROR(VLOOKUP($A56,RAIZ!$A$3:$X$1500,MATCH('LALO VARAS'!$F$1,RAIZ!$A$2:$X$2,0),FALSE),0) -> 1 | D56: 2 | F56: =IF(D56-C56>=0,D56-C56,0) -> 1 | G56: 1
A57: 3 LECHES QUESO CH | B57: 30CH | C57: =+IFERROR(VLOOKUP($A57,RAIZ!$A$3:$X$1500,MATCH('LALO VARAS'!$F$1,RAIZ!$A$2:$X$2,0),FALSE),0) -> 1 | D57: 2 | F57: =IF(D57-C57>=0,D57-C57,0) -> 1
A58: SELVA NEGRA CH | B58: 31CH | C58: =+IFERROR(VLOOKUP($A58,RAIZ!$A$3:$X$1500,MATCH('LALO VARAS'!$F$1,RAIZ!$A$2:$X$2,0),FALSE),0) -> 1 | D58: 1 | F58: =IF(D58-C58>=0,D58-C58,0) -> 0 | G58: 1
A59: CHOCOQUESO | B59: 32 | C59: =+IFERROR(VLOOKUP($A59,RAIZ!$A$3:$X$1500,MATCH('LALO VARAS'!$F$1,RAIZ!$A$2:$X$2,0),FALSE),0) -> 1 | D59: 0 | F59: =IF(D59-C59>=0,D59-C59,0) -> 0
A60: CHOCOQUESO CH | B60: 32CH | C60: =+IFERROR(VLOOKUP($A60,RAIZ!$A$3:$X$1500,MATCH('LALO VARAS'!$F$1,RAIZ!$A$2:$X$2,0),FALSE),0) -> 0 | D60: 2 | F60: =IF(D60-C60>=0,D60-C60,0) -> 2
A61: RED VELVET CHEESE CAKE GDE | B61: N01 | C61: =+IFERROR(VLOOKUP($A61,RAIZ!$A$3:$X$1500,MATCH('LALO VARAS'!$F$1,RAIZ!$A$2:$X$2,0),FALSE),0) -> 1 | D61: 1 | F61: =IF(D61-C61>=0,D61-C61,0) -> 0
A62: RED VELVET CHEESE CAKE MINI MEDIANO | B62: N02 | C62: =+IFERROR(VLOOKUP($A62,RAIZ!$A$3:$X$1500,MATCH('LALO VARAS'!$F$1,RAIZ!$A$2:$X$2,0),FALSE),0) -> 2 | D62: 2 | F62: =IF(D62-C62>=0,D62-C62,0) -> 0
A63: CHESSECAKE GDE | B63: 37 | C63: =+IFERROR(VLOOKUP($A63,RAIZ!$A$3:$X$1500,MATCH('LALO VARAS'!$F$1,RAIZ!$A$2:$X$2,0),FALSE),0) -> 0 | D63: 0 | F63: =IF(D63-C63>=0,D63-C63,0) -> 0
A64: CHESSECAKE MINIMED | B64: 62 | C64: =+IFERROR(VLOOKUP($A64,RAIZ!$A$3:$X$1500,MATCH('LALO VARAS'!$F$1,RAIZ!$A$2:$X$2,0),FALSE),0) -> 1 | D64: 2 | F64: =IF(D64-C64>=0,D64-C64,0) -> 1
A65: CHESSECAKE PETIT | B65: 63 | C65: =+IFERROR(VLOOKUP($A65,RAIZ!$A$3:$X$1500,MATCH('LALO VARAS'!$F$1,RAIZ!$A$2:$X$2,0),FALSE),0) -> 2 | D65: 3 | F65: =IF(D65-C65>=0,D65-C65,0) -> 1
A66: ZANAHORIA GDE | B66: 15 | C66: =+IFERROR(VLOOKUP($A66,RAIZ!$A$3:$X$1500,MATCH('LALO VARAS'!$F$1,RAIZ!$A$2:$X$2,0),FALSE),0) -> 1 | D66: 0 | F66: =IF(D66-C66>=0,D66-C66,0) -> 0 | G66: 1
A67: ZANAHORIA CH | B67: 29 | C67: =+IFERROR(VLOOKUP($A67,RAIZ!$A$3:$X$1500,MATCH('LALO VARAS'!$F$1,RAIZ!$A$2:$X$2,0),FALSE),0) -> 1 | D67: 1 | F67: =IF(D67-C67>=0,D67-C67,0) -> 0 | G67: 2
A68: ZANAHORIA PETIT | B68: 67 | C68: =+IFERROR(VLOOKUP($A68,RAIZ!$A$3:$X$1500,MATCH('LALO VARAS'!$F$1,RAIZ!$A$2:$X$2,0),FALSE),0) -> 2 | D68: 3 | F68: =IF(D68-C68>=0,D68-C68,0) -> 1
A69: ROSCA C/CAJETA | B69: 78 | C69: =+IFERROR(VLOOKUP($A69,RAIZ!$A$3:$X$1500,MATCH('LALO VARAS'!$F$1,RAIZ!$A$2:$X$2,0),FALSE),0) -> 0 | D69: 0 | F69: =IF(D69-C69>=0,D69-C69,0) -> 0
A70: CAJITA DE TRES LECHES | B70: C3L | C70: =+IFERROR(VLOOKUP($A70,RAIZ!$A$3:$X$1500,MATCH('LALO VARAS'!$F$1,RAIZ!$A$2:$X$2,0),FALSE),0) -> 4 | D70: 3 | F70: =IF(D70-C70>=0,D70-C70,0) -> 0
A71: CHOCOFLAN MINI MEDIANO | B71: 64 | C71: =+IFERROR(VLOOKUP($A71,RAIZ!$A$3:$X$1500,MATCH('Suc. Xalisco'!$F$1,RAIZ!$A$2:$X$2,0),FALSE),0) -> 0 | D71: 2 | F71: =IF(D71-C71>=0,D71-C71,0) -> 2
A72: MINI DELICIA KINDER | B72: 02MD | C72: =+IFERROR(VLOOKUP($A72,RAIZ!$A$3:$X$1500,MATCH('Suc. Xalisco'!$F$1,RAIZ!$A$2:$X$2,0),FALSE),0) -> 0 | D72: 0 | F72: =IF(D72-C72>=0,D72-C72,0) -> 0
C73: =+IFERROR(VLOOKUP($A73,RAIZ!$A$3:$X$1500,MATCH('LALO VARAS'!$F$1,RAIZ!$A$2:$X$2,0),FALSE),0) -> 0 | F73: =IF(D73-C73>=0,D73-C73,0) -> 0
C74: =+IFERROR(VLOOKUP($A74,RAIZ!$A$3:$X$1500,MATCH('LALO VARAS'!$F$1,RAIZ!$A$2:$X$2,0),FALSE),0) -> 0 | F74: =IF(D74-C74>=0,D74-C74,0) -> 0
C75: =+IFERROR(VLOOKUP($A75,RAIZ!$A$3:$X$1500,MATCH('LALO VARAS'!$F$1,RAIZ!$A$2:$X$2,0),FALSE),0) -> 0 | F75: =IF(D75-C75>=0,D75-C75,0) -> 0
C76: =+IFERROR(VLOOKUP($A76,RAIZ!$A$3:$X$1500,MATCH('LALO VARAS'!$F$1,RAIZ!$A$2:$X$2,0),FALSE),0) -> 0 | F76: =IF(D76-C76>=0,D76-C76,0) -> 0
C77: =+IFERROR(VLOOKUP($A77,RAIZ!$A$3:$X$1500,MATCH('LALO VARAS'!$F$1,RAIZ!$A$2:$X$2,0),FALSE),0) -> 0 | F77: =IF(D77-C77>=0,D77-C77,0) -> 0
A78: ESPECIALIDAD | C78: =SUM(C56:C77) -> 18 | D78: =SUM(D56:D77) -> 24 | E78: =SUM(E56:E77) -> 0 | F78: =SUM(F56:F77) -> 9 | G78: =SUM(G56:G77) -> 5
A79: Total Area | C79: =C18+C32+C49+C52+C55+C78 -> 120 | D79: =D18+D32+D49+D52+D55+D78 -> 171 | E79: =E18+E32+E49+E52+E55+E78 -> 0 | F79: =F18+F32+F49+F52+F55+F78 -> 66 | G79: =G18+G32+G49+G52+G55+G78 -> 37
A80: VAINILLAS
